timestamp,event,info
2026-02-28T11:44:30.845933,tab_focus,http://127.0.0.1:5000/
2026-02-28T11:44:36.572447,tab_focus,https://www.google.com/search?q=could+you+translate+terminal+instructions+to+command+prompt+instructions&gs_lcrp=EgZjaHJvbWUyBggAEEUYOdIBCTE0MTg2ajBqN6gCALACAA&sourceid=chrome&ie=UTF-8&fbs=ADc_l-aN0CWEZBOHjofHoaMMDiKpmAsnXCN5UBx17opt8eaTXyCfNeKGeJOJfUwi1MTUzwST1daiRLNBoQ0B6uczm6CPpE9MgkRBvAPuob4mewNkDkyJPOM4cUXCgTF3s6r8ePzSE49wWrN49hZO6o_W8OU5vZLEjpGBg_Hqzsox3WGwOApedjqloS2Uk0tumYhxMQS6X5e7CmdvlbFfLbas18Oj8ZlWFg&ved=2ahUKEwiqzITFzfySAxUVOFkFHZVDJ0kQ0NsOegQIAxAB&aep=10&ntc=1&mstk=AUtExfCUfuw9iByP0gP1lB8trIxuW4dSA0AAlZ-g5I2kjWUrlqWTw17lyWx88JgJ0tf6TOcXk8U-vqGbXuGtMi7kTo_aCZYW-asfH_hQIrWp9duaYSJYcJKUZcY3dI-gu2rusCp_V-CTMp_63vICi-YxdDiHBzUCrWY4VlmQ6dm7p7me285BhWLGhcxv0nA0SJKr1UbPgpmVqh5Xnb6xsLiYGfIaODxU_IKFVSNttBQkFHM0dU5RRPJojHNl3tjtZAJ-s2OYaoDmt0vhEkY8W4mY9OnzliY594-afPkUXnm-R4Qx0DYX8pIrCdwV2kkJdpdUUGs691zo4kz6XQ&csuir=1&mtid=oRijacrkB_uz5NoPz6rtqAw&udm=50
2026-02-28T11:44:39.000279,tab_focus,https://www.google.com/search?q=could+you+translate+terminal+instructions+to+command+prompt+instructions&gs_lcrp=EgZjaHJvbWUyBggAEEUYOdIBCTE0MTg2ajBqN6gCALACAA&sourceid=chrome&ie=UTF-8&fbs=ADc_l-aN0CWEZBOHjofHoaMMDiKpmAsnXCN5UBx17opt8eaTXyCfNeKGeJOJfUwi1MTUzwST1daiRLNBoQ0B6uczm6CPpE9MgkRBvAPuob4mewNkDkyJPOM4cUXCgTF3s6r8ePzSE49wWrN49hZO6o_W8OU5vZLEjpGBg_Hqzsox3WGwOApedjqloS2Uk0tumYhxMQS6X5e7CmdvlbFfLbas18Oj8ZlWFg&ved=2ahUKEwiqzITFzfySAxUVOFkFHZVDJ0kQ0NsOegQIAxAB&aep=10&ntc=1&mstk=AUtExfDKJ_d3M7Zy_8-VKod2Z6VcKmmYn5VDB-Yk6yE_Gy_0nZN5E5-JI37bVm13XmpJzOilip16RGYn_dQa0EIb_n3ZpqZJPgeJeQAOX7VzAtvyBbBT7MYXbrINZS43o6rZUO91ULsk7So1u5dy3E80thcUoGMm3Zc8HH5CBa3Q_D258FRuiSZVE25yoes0S9LDvrervNFw-Lq4nR5HC9dEz1b7kR1qRKuYz__P9UPhNg_QCZGtB4ep6fs-L8C4Lg_eouyLiN3gKjBtybubMJd6eDF8g745oN1aUuzC4XuAXqsfgyNcJnAGUgF7Yu_UnCrElR_yv2dYCFKdqQ&csuir=1&mtid=oRijacrkB_uz5NoPz6rtqAw&udm=50
2026-02-28T11:44:39.430325,tab_focus,https://www.google.com/search?q=could+you+translate+terminal+instructions+to+command+prompt+instructions&gs_lcrp=EgZjaHJvbWUyBggAEEUYOdIBCTE0MTg2ajBqN6gCALACAA&sourceid=chrome&ie=UTF-8&fbs=ADc_l-aN0CWEZBOHjofHoaMMDiKpmAsnXCN5UBx17opt8eaTXyCfNeKGeJOJfUwi1MTUzwST1daiRLNBoQ0B6uczm6CPpE9MgkRBvAPuob4mewNkDkyJPOM4cUXCgTF3s6r8ePzSE49wWrN49hZO6o_W8OU5vZLEjpGBg_Hqzsox3WGwOApedjqloS2Uk0tumYhxMQS6X5e7CmdvlbFfLbas18Oj8ZlWFg&ved=2ahUKEwiqzITFzfySAxUVOFkFHZVDJ0kQ0NsOegQIAxAB&aep=10&ntc=1&mstk=AUtExfDKJ_d3M7Zy_8-VKod2Z6VcKmmYn5VDB-Yk6yE_Gy_0nZN5E5-JI37bVm13XmpJzOilip16RGYn_dQa0EIb_n3ZpqZJPgeJeQAOX7VzAtvyBbBT7MYXbrINZS43o6rZUO91ULsk7So1u5dy3E80thcUoGMm3Zc8HH5CBa3Q_D258FRuiSZVE25yoes0S9LDvrervNFw-Lq4nR5HC9dEz1b7kR1qRKuYz__P9UPhNg_QCZGtB4ep6fs-L8C4Lg_eouyLiN3gKjBtybubMJd6eDF8g745oN1aUuzC4XuAXqsfgyNcJnAGUgF7Yu_UnCrElR_yv2dYCFKdqQ&csuir=1&mtid=oRijacrkB_uz5NoPz6rtqAw&udm=50
2026-02-28T11:44:41.161988,tab_focus,https://www.google.com/search?q=could+you+translate+terminal+instructions+to+command+prompt+instructions&gs_lcrp=EgZjaHJvbWUyBggAEEUYOdIBCTE0MTg2ajBqN6gCALACAA&sourceid=chrome&ie=UTF-8&fbs=ADc_l-aN0CWEZBOHjofHoaMMDiKpmAsnXCN5UBx17opt8eaTXyCfNeKGeJOJfUwi1MTUzwST1daiRLNBoQ0B6uczm6CPpE9MgkRBvAPuob4mewNkDkyJPOM4cUXCgTF3s6r8ePzSE49wWrN49hZO6o_W8OU5vZLEjpGBg_Hqzsox3WGwOApedjqloS2Uk0tumYhxMQS6X5e7CmdvlbFfLbas18Oj8ZlWFg&ved=2ahUKEwiqzITFzfySAxUVOFkFHZVDJ0kQ0NsOegQIAxAB&aep=10&ntc=1&mstk=AUtExfB9BsE8gOusoFxkjPZ4BNbFCogeE-M7_92Sswcg1efmh_y2XMDbSTw7GVyV1XSWqNHm4jirMkgsI9G01M7by7_FR5q0kSpcjXOR5Hip8R0nvuV1bfdbc1kTlNghulkkguOZ7wjxs4QnTEpszNjVChszghEPumEwgxdj7VIdyLGhuqj29MgjJFb-FVqcgrZkKl5sKciQ0DgCFVLqoFCSW28bEgMIwyH0XH7DjnSKFJXVNUDvCsBAVbs-ldvf3RlNZ1Uysttv7jBV1gMwDZok-nGmOriN_UvUEMqS4h3VCsZ05vml2yspx5ujup5f5tkjCl9gqdfne3_S-g&csuir=1&mtid=oRijacrkB_uz5NoPz6rtqAw&udm=50
2026-02-28T11:46:27.312577,tab_focus,https://www.google.com/search?q=could+you+translate+terminal+instructions+to+command+prompt+instructions&gs_lcrp=EgZjaHJvbWUyBggAEEUYOdIBCTE0MTg2ajBqN6gCALACAA&sourceid=chrome&ie=UTF-8&fbs=ADc_l-aN0CWEZBOHjofHoaMMDiKpmAsnXCN5UBx17opt8eaTXyCfNeKGeJOJfUwi1MTUzwST1daiRLNBoQ0B6uczm6CPpE9MgkRBvAPuob4mewNkDkyJPOM4cUXCgTF3s6r8ePzSE49wWrN49hZO6o_W8OU5vZLEjpGBg_Hqzsox3WGwOApedjqloS2Uk0tumYhxMQS6X5e7CmdvlbFfLbas18Oj8ZlWFg&ved=2ahUKEwiqzITFzfySAxUVOFkFHZVDJ0kQ0NsOegQIAxAB&aep=10&ntc=1&mstk=AUtExfB9BsE8gOusoFxkjPZ4BNbFCogeE-M7_92Sswcg1efmh_y2XMDbSTw7GVyV1XSWqNHm4jirMkgsI9G01M7by7_FR5q0kSpcjXOR5Hip8R0nvuV1bfdbc1kTlNghulkkguOZ7wjxs4QnTEpszNjVChszghEPumEwgxdj7VIdyLGhuqj29MgjJFb-FVqcgrZkKl5sKciQ0DgCFVLqoFCSW28bEgMIwyH0XH7DjnSKFJXVNUDvCsBAVbs-ldvf3RlNZ1Uysttv7jBV1gMwDZok-nGmOriN_UvUEMqS4h3VCsZ05vml2yspx5ujup5f5tkjCl9gqdfne3_S-g&csuir=1&mtid=oRijacrkB_uz5NoPz6rtqAw&udm=50
2026-02-28T11:46:30.638039,tab_focus,https://www.google.com/search?q=could+you+translate+terminal+instructions+to+command+prompt+instructions&gs_lcrp=EgZjaHJvbWUyBggAEEUYOdIBCTE0MTg2ajBqN6gCALACAA&sourceid=chrome&ie=UTF-8&fbs=ADc_l-aN0CWEZBOHjofHoaMMDiKpmAsnXCN5UBx17opt8eaTXyCfNeKGeJOJfUwi1MTUzwST1daiRLNBoQ0B6uczm6CPpE9MgkRBvAPuob4mewNkDkyJPOM4cUXCgTF3s6r8ePzSE49wWrN49hZO6o_W8OU5vZLEjpGBg_Hqzsox3WGwOApedjqloS2Uk0tumYhxMQS6X5e7CmdvlbFfLbas18Oj8ZlWFg&ved=2ahUKEwiqzITFzfySAxUVOFkFHZVDJ0kQ0NsOegQIAxAB&aep=10&ntc=1&mstk=AUtExfCgdChmDV7ZdMtfVzRYlTvjsd1RB5krvBKOLl63XKHfd49OZKjV_crTSos2vT2GVi9s_0GIdxA4Ko9z8x3n9P438NIWmeDO3SVHeZnQwnHDji0V0akznwF5XWfPbUuyb2vQl-tz2DYI47blcpxRgmQGmKJtAVYa_fzqEVt-8X-WmzGWnZ-3kAMRDhWg9_pjgBIeOwjAT8ed9t9rMyGAYDoyB0dnXcJdEhXF0f-KhTdCQVBmyzKz9mj1Tgn6GoUm9VpaxvIFzcRUmhug1yylhPnQu3lzdxO0LoS3EIoQKjCikM5mH5VnIAx6X_Go9iPOiNc8JuaGzi9oHg&csuir=1&mtid=oRijacrkB_uz5NoPz6rtqAw&udm=50
2026-02-28T11:47:44.291395,tab_focus,https://www.google.com/search?q=could+you+translate+terminal+instructions+to+command+prompt+instructions&gs_lcrp=EgZjaHJvbWUyBggAEEUYOdIBCTE0MTg2ajBqN6gCALACAA&sourceid=chrome&ie=UTF-8&fbs=ADc_l-aN0CWEZBOHjofHoaMMDiKpmAsnXCN5UBx17opt8eaTXyCfNeKGeJOJfUwi1MTUzwST1daiRLNBoQ0B6uczm6CPpE9MgkRBvAPuob4mewNkDkyJPOM4cUXCgTF3s6r8ePzSE49wWrN49hZO6o_W8OU5vZLEjpGBg_Hqzsox3WGwOApedjqloS2Uk0tumYhxMQS6X5e7CmdvlbFfLbas18Oj8ZlWFg&ved=2ahUKEwiqzITFzfySAxUVOFkFHZVDJ0kQ0NsOegQIAxAB&aep=10&ntc=1&mstk=AUtExfCgdChmDV7ZdMtfVzRYlTvjsd1RB5krvBKOLl63XKHfd49OZKjV_crTSos2vT2GVi9s_0GIdxA4Ko9z8x3n9P438NIWmeDO3SVHeZnQwnHDji0V0akznwF5XWfPbUuyb2vQl-tz2DYI47blcpxRgmQGmKJtAVYa_fzqEVt-8X-WmzGWnZ-3kAMRDhWg9_pjgBIeOwjAT8ed9t9rMyGAYDoyB0dnXcJdEhXF0f-KhTdCQVBmyzKz9mj1Tgn6GoUm9VpaxvIFzcRUmhug1yylhPnQu3lzdxO0LoS3EIoQKjCikM5mH5VnIAx6X_Go9iPOiNc8JuaGzi9oHg&csuir=1&mtid=oRijacrkB_uz5NoPz6rtqAw&udm=50
2026-02-28T11:47:47.439220,tab_focus,https://www.google.com/search?q=could+you+translate+terminal+instructions+to+command+prompt+instructions&gs_lcrp=EgZjaHJvbWUyBggAEEUYOdIBCTE0MTg2ajBqN6gCALACAA&sourceid=chrome&ie=UTF-8&fbs=ADc_l-aN0CWEZBOHjofHoaMMDiKpmAsnXCN5UBx17opt8eaTXyCfNeKGeJOJfUwi1MTUzwST1daiRLNBoQ0B6uczm6CPpE9MgkRBvAPuob4mewNkDkyJPOM4cUXCgTF3s6r8ePzSE49wWrN49hZO6o_W8OU5vZLEjpGBg_Hqzsox3WGwOApedjqloS2Uk0tumYhxMQS6X5e7CmdvlbFfLbas18Oj8ZlWFg&ved=2ahUKEwiqzITFzfySAxUVOFkFHZVDJ0kQ0NsOegQIAxAB&aep=10&ntc=1&mstk=AUtExfBnnoGHTGF15Vz5B-5yBeRyJXbbGy1RsVwS38m45Blg-i6LurfbY2JSsrHbatCmPb7hkuvRgb2h4rjTMQ4-OB527yug61WGLvZjBkQ_DtM1pGWlC3NBS90b72pheL4Ek0jB87d565AKsXAaN0ZGBI9GlxCTtMvxjk9gstr7g3Xo0eJg6KzPctThXTbAj05ike-oHNVScG_GDWjctDcXjrKCcYmKz6uH7safhOAAsTn5fOzJpOst7llVi7jzAHcT87WlzYmhC36WYfQuZv1KVCXuOAOpPQ3n65vLyFRW39sBx5-0WvpmgHtZWnCXVx3ilFWPEVejtkhycw&csuir=1&mtid=oRijacrkB_uz5NoPz6rtqAw&udm=50
2026-02-28T11:48:19.444740,tab_focus,https://www.google.com/search?q=could+you+translate+terminal+instructions+to+command+prompt+instructions&gs_lcrp=EgZjaHJvbWUyBggAEEUYOdIBCTE0MTg2ajBqN6gCALACAA&sourceid=chrome&ie=UTF-8&fbs=ADc_l-aN0CWEZBOHjofHoaMMDiKpmAsnXCN5UBx17opt8eaTXyCfNeKGeJOJfUwi1MTUzwST1daiRLNBoQ0B6uczm6CPpE9MgkRBvAPuob4mewNkDkyJPOM4cUXCgTF3s6r8ePzSE49wWrN49hZO6o_W8OU5vZLEjpGBg_Hqzsox3WGwOApedjqloS2Uk0tumYhxMQS6X5e7CmdvlbFfLbas18Oj8ZlWFg&ved=2ahUKEwiqzITFzfySAxUVOFkFHZVDJ0kQ0NsOegQIAxAB&aep=10&ntc=1&mstk=AUtExfBnnoGHTGF15Vz5B-5yBeRyJXbbGy1RsVwS38m45Blg-i6LurfbY2JSsrHbatCmPb7hkuvRgb2h4rjTMQ4-OB527yug61WGLvZjBkQ_DtM1pGWlC3NBS90b72pheL4Ek0jB87d565AKsXAaN0ZGBI9GlxCTtMvxjk9gstr7g3Xo0eJg6KzPctThXTbAj05ike-oHNVScG_GDWjctDcXjrKCcYmKz6uH7safhOAAsTn5fOzJpOst7llVi7jzAHcT87WlzYmhC36WYfQuZv1KVCXuOAOpPQ3n65vLyFRW39sBx5-0WvpmgHtZWnCXVx3ilFWPEVejtkhycw&csuir=1&mtid=oRijacrkB_uz5NoPz6rtqAw&udm=50
2026-02-28T11:48:22.434029,tab_focus,https://www.google.com/search?q=could+you+translate+terminal+instructions+to+command+prompt+instructions&gs_lcrp=EgZjaHJvbWUyBggAEEUYOdIBCTE0MTg2ajBqN6gCALACAA&sourceid=chrome&ie=UTF-8&fbs=ADc_l-aN0CWEZBOHjofHoaMMDiKpmAsnXCN5UBx17opt8eaTXyCfNeKGeJOJfUwi1MTUzwST1daiRLNBoQ0B6uczm6CPpE9MgkRBvAPuob4mewNkDkyJPOM4cUXCgTF3s6r8ePzSE49wWrN49hZO6o_W8OU5vZLEjpGBg_Hqzsox3WGwOApedjqloS2Uk0tumYhxMQS6X5e7CmdvlbFfLbas18Oj8ZlWFg&ved=2ahUKEwiqzITFzfySAxUVOFkFHZVDJ0kQ0NsOegQIAxAB&aep=10&ntc=1&mstk=AUtExfDo9mQjGq7gADfCJICKHrVfXhGDT13r1al8y0Kw8snJTLS_8P1fcaDELaeFiiiZItuldUbMA9nRWvHjRGktIJ_CWygGd4kUM-ZVOd6NAL_PDnVWt8zmDkO670hFD3vUShs5Ahp-dLp2sDooxTMtZL3gsP2vY9jQsSu5smcuRFjlOct6X-QPLuvlYSSduQ3YXSovSUMLae6Cbgxf9g55QsSZV9lLTYOjEqMb_cTxrHSHKPSDRMRXzDvIgvFUy5zOYSFrS6Ca4QGGqd8sgDrEj68IYWaxqRQ4ewYWzfJc_tJVJGVs4ofqErCYNgPXRXANNj2HOzQzLWoJrg&csuir=1&mtid=oRijacrkB_uz5NoPz6rtqAw&udm=50
2026-02-28T11:48:47.645199,tab_focus,https://www.google.com/search?q=could+you+translate+terminal+instructions+to+command+prompt+instructions&gs_lcrp=EgZjaHJvbWUyBggAEEUYOdIBCTE0MTg2ajBqN6gCALACAA&sourceid=chrome&ie=UTF-8&fbs=ADc_l-aN0CWEZBOHjofHoaMMDiKpmAsnXCN5UBx17opt8eaTXyCfNeKGeJOJfUwi1MTUzwST1daiRLNBoQ0B6uczm6CPpE9MgkRBvAPuob4mewNkDkyJPOM4cUXCgTF3s6r8ePzSE49wWrN49hZO6o_W8OU5vZLEjpGBg_Hqzsox3WGwOApedjqloS2Uk0tumYhxMQS6X5e7CmdvlbFfLbas18Oj8ZlWFg&ved=2ahUKEwiqzITFzfySAxUVOFkFHZVDJ0kQ0NsOegQIAxAB&aep=10&ntc=1&mstk=AUtExfDo9mQjGq7gADfCJICKHrVfXhGDT13r1al8y0Kw8snJTLS_8P1fcaDELaeFiiiZItuldUbMA9nRWvHjRGktIJ_CWygGd4kUM-ZVOd6NAL_PDnVWt8zmDkO670hFD3vUShs5Ahp-dLp2sDooxTMtZL3gsP2vY9jQsSu5smcuRFjlOct6X-QPLuvlYSSduQ3YXSovSUMLae6Cbgxf9g55QsSZV9lLTYOjEqMb_cTxrHSHKPSDRMRXzDvIgvFUy5zOYSFrS6Ca4QGGqd8sgDrEj68IYWaxqRQ4ewYWzfJc_tJVJGVs4ofqErCYNgPXRXANNj2HOzQzLWoJrg&csuir=1&mtid=oRijacrkB_uz5NoPz6rtqAw&udm=50
2026-02-28T11:48:50.507580,tab_focus,https://www.google.com/search?q=could+you+translate+terminal+instructions+to+command+prompt+instructions&gs_lcrp=EgZjaHJvbWUyBggAEEUYOdIBCTE0MTg2ajBqN6gCALACAA&sourceid=chrome&ie=UTF-8&fbs=ADc_l-aN0CWEZBOHjofHoaMMDiKpmAsnXCN5UBx17opt8eaTXyCfNeKGeJOJfUwi1MTUzwST1daiRLNBoQ0B6uczm6CPpE9MgkRBvAPuob4mewNkDkyJPOM4cUXCgTF3s6r8ePzSE49wWrN49hZO6o_W8OU5vZLEjpGBg_Hqzsox3WGwOApedjqloS2Uk0tumYhxMQS6X5e7CmdvlbFfLbas18Oj8ZlWFg&ved=2ahUKEwiqzITFzfySAxUVOFkFHZVDJ0kQ0NsOegQIAxAB&aep=10&ntc=1&mstk=AUtExfDoRDb10w8BtWhmR85aazNc4K_tJSsW15EoxyN7JUKwpjFwgbpyvhZ2MZbGjwebB_dUAtJJ3I0WBwspTpmI64BgWF7kZ5c4sL_n6avnIkK-lMrm4YmstFM5XkOkeV-elxeG7aNIDPjzMf6nWZ4fXFllsWwMZ6IemAizybWJkYHM2sEpTxHqS7qXvIBEX-ArHhrXiYEFktt-GbcMlzcA5pcTwJNbPQTN8DE5n-c_SLvvHKZOcDtgEzsxL5jdVxBJSOCZd8mdimFHJ8ZBNXAqvggCp91h1KOoX-sX7CabXbV1mPz1qCpEmnlOemkRVrDiukurE4-M262AHA&csuir=1&mtid=oRijacrkB_uz5NoPz6rtqAw&udm=50
2026-04-16T18:12:49.615371,tab_focus,chrome://newtab/
2026-04-16T18:12:50.798883,tab_focus,http://127.0.0.1:5000/
2026-04-16T18:14:04.362325,tab_focus,http://127.0.0.1:5000/
2026-04-16T18:14:10.828605,tab_focus,http://127.0.0.1:5000/
2026-04-16T18:14:51.614951,tab_focus,http://127.0.0.1:5000/
2026-04-16T18:16:08.792362,tab_focus,chrome://newtab/
2026-04-16T18:16:09.777328,tab_focus,http://127.0.0.1:5000/
2026-04-16T18:17:31.662109,tab_focus,http://127.0.0.1:5000/
2026-04-16T18:25:56.013065,tab_focus,chrome://newtab/
2026-04-16T18:26:14.600660,tab_focus,https://www.google.com/search?q=if+you+do+a+double+major%2C+do+you+have+to+graduate+once+you+finish+your+first+major&oq=if+you+do+a+double+major%2C+do+you+have+to+graduate+once+you+finish+your+first+major&gs_lcrp=EgZjaHJvbWUyBggAEEUYOTIHCAEQIRiPAjIHCAIQIRiPAtIBCTE2MTY1ajBqN6gCALACAA&sourceid=chrome&ie=UTF-8
2026-04-16T18:28:11.564362,tab_focus,https://www.google.com/search?q=if+you+do+a+double+major%2C+do+you+have+to+graduate+once+you+finish+your+first+major&oq=if+you+do+a+double+major%2C+do+you+have+to+graduate+once+you+finish+your+first+major&gs_lcrp=EgZjaHJvbWUyBggAEEUYOTIHCAEQIRiPAjIHCAIQIRiPAtIBCTE2MTY1ajBqN6gCALACAA&sourceid=chrome&ie=UTF-8
2026-04-16T18:28:16.410192,tab_focus,https://www.google.com/search?q=if+you+do+a+double+major+for+cmu%2C+do+you+have+to+graduate+once+you+finish+your+first+major&sca_esv=52ef59f19557e67d&sxsrf=ANbL-n6heuh-Aai7CjNkOilvO6dgjuNKQA%3A1776378360172&ei=-GHhaYigCuqB5OMP3tGQcQ&biw=638&bih=664&ved=0ahUKEwiI_JOJtfOTAxXqAHkGHd4oJA4Q4dUDCBE&uact=5&oq=if+you+do+a+double+major+for+cmu%2C+do+you+have+to+graduate+once+you+finish+your+first+major&gs_lp=Egxnd3Mtd2l6LXNlcnAiWmlmIHlvdSBkbyBhIGRvdWJsZSBtYWpvciBmb3IgY211LCBkbyB5b3UgaGF2ZSB0byBncmFkdWF0ZSBvbmNlIHlvdSBmaW5pc2ggeW91ciBmaXJzdCBtYWpvckgAUABYAHAAeAGQAQCYAQCgAQCqAQC4AQPIAQD4AQGYAgCgAgCYAwCSBwCgBwCyBwC4BwDCBwDIBwCACAA&sclient=gws-wiz-serp
2026-04-16T18:28:27.467005,tab_focus,https://www.reddit.com/r/cmu/comments/u8ivrm/why_does_cmu_not_let_students_finish_additional/
2026-04-16T18:31:04.438442,tab_focus,chrome://newtab/
2026-04-16T18:32:47.237508,tab_focus,http://127.0.0.1:5000/
2026-04-16T18:35:16.739649,tab_focus,chrome://newtab/
2026-04-16T18:35:24.207592,tab_focus,https://www.google.com/search?q=is+there+an+ap+cap+for+gtech&oq=is+there+an+ap+cap+for+gtech&gs_lcrp=EgZjaHJvbWUyCQgAEEUYORigATIHCAEQIRigATIHCAIQIRigATIHCAMQIRigATIHCAQQIRigATIHCAUQIRiPAtIBCDM3MzJqMGo3qAIAsAIA&sourceid=chrome&ie=UTF-8
2026-04-16T19:43:26.661869,tab_focus,chrome://newtab/
2026-04-16T19:43:31.227881,tab_focus,https://www.youtube.com/
2026-04-16T19:43:35.973850,tab_focus,https://www.youtube.com/
2026-04-16T19:43:35.977780,tab_focus,https://www.youtube.com/shorts/bnHNjb9ATdY
2026-04-16T19:57:33.128883,tab_focus,chrome://newtab/
2026-04-16T19:57:36.746905,tab_focus,https://meet.google.com/landing
2026-04-16T19:57:52.883363,tab_focus,https://meet.google.com/imf-vbzr-eyy
2026-04-16T19:58:15.001312,tab_focus,https://www.youtube.com/shorts/bnHNjb9ATdY
2026-04-16T19:58:15.481175,tab_focus,https://www.youtube.com/shorts/9ZL6TdtbGbw
2026-04-16T20:01:05.816923,tab_focus,https://www.youtube.com/shorts/9ZL6TdtbGbw
2026-04-16T20:01:06.012089,tab_focus,https://www.youtube.com/shorts/VRM_233MtPQ
2026-04-16T20:01:22.668860,tab_focus,https://www.youtube.com/shorts/VRM_233MtPQ
2026-04-16T20:01:22.879536,tab_focus,https://www.youtube.com/shorts/xVqL0pzOfw4
2026-04-16T20:01:33.481981,tab_focus,https://www.youtube.com/shorts/xVqL0pzOfw4
2026-04-16T20:01:33.667847,tab_focus,https://www.youtube.com/shorts/54lMUUtITjw
2026-04-16T20:01:46.930580,tab_focus,https://www.youtube.com/shorts/54lMUUtITjw
2026-04-16T20:01:47.308862,tab_focus,https://www.youtube.com/shorts/tJf2NXULaxE
2026-04-16T20:02:35.418708,tab_focus,https://www.youtube.com/shorts/tJf2NXULaxE
2026-04-16T20:02:35.455479,tab_focus,https://www.youtube.com/shorts/GfEfB8UqQGY
2026-04-16T20:07:51.936933,tab_focus,https://meet.google.com/imf-vbzr-eyy
2026-04-16T20:08:58.889467,tab_focus,https://meet.google.com/imf-vbzr-eyy
2026-04-16T20:15:10.470828,tab_focus,chrome://newtab/
2026-04-16T20:15:10.621518,tab_focus,about:blank
2026-04-16T20:15:14.229415,tab_focus,https://www.youtube.com/
2026-04-16T21:43:43.843457,tab_focus,chrome://newtab/
2026-04-16T21:43:51.787354,tab_focus,https://www.google.com/search?gs_ssp=eJzj4tTP1TcwzqtKMzRg9OJMzcnPU8gtLc4GAEjMBtM&q=elon+musk&oq=elon+&gs_lcrp=EgZjaHJvbWUqCggBEC4YsQMYgAQyBggAEEUYOTIKCAEQLhixAxiABDIKCAIQABixAxiABDIKCAMQLhixAxiABDIKCAQQABixAxiABDIKCAUQABixAxiABDIHCAYQABiABDIHCAcQABiABDIKCAgQABixAxiABDIHCAkQABiPAtIBCDMxMzVqMGo3qAIAsAIA&sourceid=chrome&ie=UTF-8
2026-04-16T21:43:53.906818,tab_focus,https://www.google.com/search?gs_ssp=eJzj4tTP1TcwzqtKMzRg9OJMzcnPU8gtLc4GAEjMBtM&q=elon+musk&oq=elon+&gs_lcrp=EgZjaHJvbWUqCggBEC4YsQMYgAQyBggAEEUYOTIKCAEQLhixAxiABDIKCAIQABixAxiABDIKCAMQLhixAxiABDIKCAQQABixAxiABDIKCAUQABixAxiABDIHCAYQABiABDIHCAcQABiABDIKCAgQABixAxiABDIHCAkQABiPAtIBCDMxMzVqMGo3qAIAsAIA&sourceid=chrome&ie=UTF-8#sv=CAMSaxoyKhBlLUZnRUdGbHc3R25OWFhNMg5GZ0VHRmx3N0duTlhYTToOY0VsTGlNazhUOU84TE0gBCoxChtfVkpEaGFkcTVEN0txNU5vUHRxaWhrQVFfNjASEGUtRmdFR0ZsdzdHbk5YWE0YADABGAcg-qa0lgdKCBABGAEgASgB
2026-04-16T21:53:41.959161,tab_focus,https://meet.google.com/imf-vbzr-eyy
2026-04-16T22:04:44.636046,tab_focus,chrome://newtab/
2026-04-16T22:04:55.115336,tab_focus,https://www.google.com/search?q=what+are+the+best+freshman+dorms+at+gatech&oq=what+are+the+best+freshman+dorms+at+gatech&gs_lcrp=EgZjaHJvbWUyBggAEEUYOTIHCAEQIRigATIHCAIQIRigATIHCAMQIRigATIHCAQQIRigATIHCAUQIRigAdIBCDcxMTJqMGo3qAIAsAIA&sourceid=chrome&ie=UTF-8
2026-04-16T22:16:08.541359,tab_focus,chrome://newtab/
2026-04-16T22:16:16.638796,tab_focus,https://www.google.com/search?q=what+is+pomodoro&oq=what+is+pomodoro&gs_lcrp=EgZjaHJvbWUyDAgAEEUYORixAxiABDIHCAEQABiABDIHCAIQABiABDIHCAMQABiABDIHCAQQABiABDIHCAUQABiABDIHCAYQABiABDIHCAcQABiABDIHCAgQABiABDIHCAkQABiPAtIBCDcwMzBqMGo3qAIAsAIA&sourceid=chrome&ie=UTF-8
2026-04-16T22:17:45.074392,tab_focus,https://www.google.com/search?q=what+is+the+most+effective+study+method&sca_esv=0fc64cec7a0352f6&sxsrf=ANbL-n6jfbhLh082lNwpfwlX5TVdy5lHlw%3A1776392174486&ei=7pfhaYusHemr5NoPsIm2GQ&biw=1278&bih=608&oq=what+is+the+most+ef&gs_lp=Egxnd3Mtd2l6LXNlcnAiE3doYXQgaXMgdGhlIG1vc3QgZWYqAggBMgUQABiABDILEAAYgAQYkQIYigUyBRAAGIAEMgUQABiABDIFEAAYgAQyBRAAGIAEMgUQABiABDIFEAAYgAQyBRAAGIAEMgUQABiABEj2clDKA1jJJ3AFeAGQAQCYAa8BoAG2CqoBBDEwLjW4AQHIAQD4AQGYAhSgAvwKwgIKEAAYsAMY1gQYR8ICDRAAGIAEGLADGEMYigXCAgQQIxgnwgIKECMY8AUYJxieBsICChAAGIAEGEMYigXCAggQABiABBixA8ICCxAAGIAEGLEDGIMBwgIOEAAYgAQYsQMYgwEYigXCAggQABgWGAoYHsICCBAAGIAEGKIEwgIFEAAY7wXCAgQQABgewgIGEAAYCBgewgILEAAYgAQYhgMYigWYAwCIBgGQBgqSBwQxNS41oAejfbIHBDEwLjW4B-4KwgcGMC4xNy4zyAcxgAgA&sclient=gws-wiz-serp
2026-04-16T22:17:48.936560,tab_focus,https://www.google.com/search?q=what+is+the+most+effective+study+intervals&sca_esv=0fc64cec7a0352f6&biw=1278&bih=608&sxsrf=ANbL-n4sw1vlmtW9o9c3k7a9Iiqgn_EoMw%3A1776392262690&ei=RpjhafDxKZCbptQPsqb7mA4&ved=0ahUKEwjwrLLu6POTAxWQjYkEHTLTHuMQ4dUDCBE&uact=5&oq=what+is+the+most+effective+study+intervals&gs_lp=Egxnd3Mtd2l6LXNlcnAiKndoYXQgaXMgdGhlIG1vc3QgZWZmZWN0aXZlIHN0dWR5IGludGVydmFsczIGEAAYFhgeMgsQABiABBiGAxiKBTILEAAYgAQYhgMYigUyCxAAGIAEGIYDGIoFMgUQABjvBTIIEAAYgAQYogQyCBAAGIAEGKIESOAdUIsIWKodcAJ4AZABAJgBwAGgAb4JqgEDNS41uAEDyAEA-AEBmAIMoALtCcICChAAGLADGNYEGEfCAgoQIxiABBgnGIoFwgIFEAAYgASYAwCIBgGQBgiSBwM1LjegB6RLsgcDMy43uAfkCcIHBTAuOS4zyAcggAgA&sclient=gws-wiz-serp
2026-04-16T23:37:41.146376,tab_focus,chrome://newtab/
2026-04-16T23:37:41.305414,tab_focus,about:blank
2026-04-16T23:38:52.169521,tab_focus,about:blank
2026-04-17T00:50:53.233003,tab_focus,chrome://newtab/
2026-04-17T00:50:54.580811,tab_focus,http://127.0.0.1:5000/
2026-04-17T00:51:27.978823,tab_focus,chrome://newtab/
2026-04-17T00:51:30.535753,tab_focus,http://127.0.0.1:5000/
2026-04-18T10:35:10.135459,tab_focus,chrome://newtab/
2026-04-18T10:35:11.716167,tab_focus,http://127.0.0.1:5000/
2026-04-18T10:35:57.093964,tab_focus,chrome://newtab/
2026-04-18T10:36:42.080851,tab_focus,http://127.0.0.1:5000/
2026-04-18T10:37:16.103270,tab_focus,chrome://newtab/
2026-04-18T10:37:23.200490,tab_focus,https://www.google.com/search?q=chrome+new+tab+link&oq=chrome+new+tab+link&gs_lcrp=EgZjaHJvbWUyCQgAEEUYORiABDIICAEQABgWGB4yCAgCEAAYFhgeMggIAxAAGBYYHjIICAQQABgWGB4yCAgFEAAYFhgeMggIBhAAGBYYHjIICAcQABgWGB4yCAgIEAAYFhgeMggICRAAGBYYHtIBCDQzNTFqMGo3qAIAsAIA&sourceid=chrome&ie=UTF-8
2026-04-18T11:04:28.638012,tab_focus,chrome://downloads/
2026-04-18T11:16:08.780716,focused,http://127.0.0.1:5000/
2026-04-18T11:17:17.440911,tab_focus,chrome://newtab/
2026-04-18T11:17:24.386340,focused,https://docs.google.com/document/u/0/
2026-04-18T11:17:34.831958,tab_focus,chrome://newtab/
2026-04-18T11:18:11.213448,tab_focus,chrome://newtab/
2026-04-18T11:18:23.947269,focused,https://leetcode.com/
2026-04-18T11:18:29.343333,tab_focus,chrome://newtab/
2026-04-18T11:27:07.571289,tab_focus,chrome://newtab/
2026-04-18T11:27:16.304511,focused,https://www.google.com/search?sca_esv=32ed2d6df950acda&sxsrf=ANbL-n6IiQ676cbN33WfZZxqU7KVD9585w:1776526031760&udm=2&fbs=ADc_l-aN0CWEZBOHjofHoaMMDiKpaEWjvZ2Py1XXV8d8KvlI3p-ML-906rRL_m6h4jR-tdCeKIwp94h-QiJ4lJfObsqUPixp6KuAej6LdEw-ul8fudU82HJrKxYOXZophBT2wsLRApu71Y5KJFr0GzG8dotEbNPbwZnE_RQhD2akQdyyCNFEMlFxWtFU6ndXLnlQD6zjaMCrBJOzzo8au34etSrUdRzSoQ&q=neural+networks&sa=X&ved=2ahUKEwibrbqY2_eTAxWLhYkEHcijM-QQtKgLegQIFBAB&biw=1280&bih=665&dpr=1.5
2026-04-18T11:48:55.239502,tab_focus,chrome://newtab/
2026-04-18T11:48:59.341797,focused,https://www.google.com/search?q=viterbi+algorithm&oq=viterbi+a&gs_lcrp=EgZjaHJvbWUqDQgAEAAYgwEYsQMYgAQyDQgAEAAYgwEYsQMYgAQyBggBEEUYOTIHCAIQABiABDIHCAMQABiABDIHCAQQABiABDIHCAUQABiABDIHCAYQABiABDIHCAcQABiABDIHCAgQLhiABDIHCAkQABiABNIBCDMwNTdqMGo3qAIAsAIA&sourceid=chrome&ie=UTF-8
2026-04-18T11:49:02.498269,focused,https://www.google.com/search?sca_esv=7a3e106727178f17&sxsrf=ANbL-n5OXRG9z7hmLi3olDDTvXKrMMg4rQ:1776527337830&udm=2&fbs=ADc_l-aN0CWEZBOHjofHoaMMDiKpaEWjvZ2Py1XXV8d8KvlI3vWUtYx0DZdicpfE1faGYemg2KC4yuMPyQlIvlWqq2AtcdVMJmMDffRprXURy79lwfxbZzYnz1kUI8qHk4viuoEed0kgzFYLYoplHE7lygXKKR-2SMoTH8fnmGiCKRsfKxmnay2JDj7ljpvwSBY9KaiYk60urr1aVOHyMyB7ntf5Or4DNA&q=viterbi+algorithm&sa=X&sqi=2&ved=2ahUKEwjDvp6H4PeTAxWNEmIAHYcTL3MQtKgLegQIGBAB&biw=1280&bih=665&dpr=1.5
2026-04-18T11:49:02.678561,focused,https://www.google.com/search?sca_esv=7a3e106727178f17&sxsrf=ANbL-n5OXRG9z7hmLi3olDDTvXKrMMg4rQ:1776527337830&udm=2&fbs=ADc_l-aN0CWEZBOHjofHoaMMDiKpaEWjvZ2Py1XXV8d8KvlI3vWUtYx0DZdicpfE1faGYemg2KC4yuMPyQlIvlWqq2AtcdVMJmMDffRprXURy79lwfxbZzYnz1kUI8qHk4viuoEed0kgzFYLYoplHE7lygXKKR-2SMoTH8fnmGiCKRsfKxmnay2JDj7ljpvwSBY9KaiYk60urr1aVOHyMyB7ntf5Or4DNA&q=viterbi+algorithm&sa=X&sqi=2&ved=2ahUKEwjDvp6H4PeTAxWNEmIAHYcTL3MQtKgLegQIGBAB&biw=1280&bih=665&dpr=1.5#sv=CAMSVhoyKhBlLVpfMTNYZktiSG1uOVVNMg5aXzEzWGZLYkhtbjlVTToOQmktNk4zQmVBWTNNeU0gBCocCgZtb3NhaWMSEGUtWl8xM1hmS2JIbW45VU0YADABGAcgz8_d8AhKCBABGAEgASgB
2026-04-18T11:53:45.713441,tab_focus,chrome://newtab/
2026-04-18T11:53:51.317089,tab_focus,https://www.deep-ml.com/
2026-04-18T11:53:51.318726,tab_focus,https://www.deep-ml.com/
2026-04-18T11:53:54.224335,tab_focus,https://www.deep-ml.com/sign-in
2026-04-18T11:53:56.166988,focused,https://deep-machine-learning-9d7d0.firebaseapp.com/__/auth/handler?apiKey=AIzaSyCucvOHhInU5zY7YjHRatcgQ9hRgKh8Atc&appName=%5BDEFAULT%5D&authType=signInViaPopup&redirectUrl=https%3A%2F%2Fwww.deep-ml.com%2Fsign-in&v=11.10.0&eventId=1385657185&providerId=google.com&scopes=profile
2026-04-18T11:53:58.483256,focused,https://accounts.google.com/v3/signin/accountchooser?client_id=925328488459-pmnbelc6qc95iq5hn2oubl7sqvn0abta.apps.googleusercontent.com&context_uri=https%3A%2F%2Fwww.deep-ml.com&redirect_uri=https%3A%2F%2Fdeep-machine-learning-9d7d0.firebaseapp.com%2F__%2Fauth%2Fhandler&response_type=code&scope=openid+https%3A%2F%2Fwww.googleapis.com%2Fauth%2Fuserinfo.email+profile&state=AMbdmDmI2ZIMow-HM_lK6TY8HJnxxu4yycTsNP0GWxkPU8fYxlnNIYYYBFr8UdDoXd-5E8-LWpImfUAaWNz0VoJ9SF7rYmi4Xa9xH2ZjwAi4C3ZhmRS1Jkf2LNEwniMuqPPf_GtvR3h9MabpbAiUyGazMgNiCnmy-EPIzH1mspXmzWnBbSa5GbEyyeekm6B4eZDwePQ0s02xPvLLIGXovjYgCNjVk_uMgdoGLJji-TR9nng-y_sp4bHCVaKkxETYy9bZaLCOWw6rmIRTrJyBS4BiMK9AALfDqLxS-lP8D3rwG_tgEHcTnSprgDHq9Hr4PO8KaSoSH71QmeVQeyE2BWrt0QXNEA&dsh=S-1459084900%3A1776527637522163&o2v=1&service=lso&flowName=GeneralOAuthFlow&opparams=%253Fcontext_uri%253Dhttps%25253A%25252F%25252Fwww.deep-ml.com&continue=https%3A%2F%2Faccounts.google.com%2Fsignin%2Foauth%2Fconsent%3Fauthuser%3Dunknown%26part%3DAJi8hANqMehtrDxKlsj-TPfBnnKmOo35rznqSYf5YpE4sUwnZp0sM0qgVQyzUumpCZfe6iGkrdl43F91-Qx32IExEcgeVOXK4nUTKJDxP3vcz6YEuQYqZMFvJUJDENDu7L_4QqbZ_S5YB3tYqKKACDsmi15DbdFMXwq0rm3h-50zHk7C4wPdmneY3xhvKu3vL7U8qPVF2du1AeSbpnxaU3tOEGltxXOD_wtOF9OoOHVnHGaTCVJVaDOug2skHmElg0i1ktrH7n6CAMuvLR4NabTahpiTqIfla8MlHRVNVJNu0LoACaQOtKFX5zQ9oROeMr7FwrbokazMTnPnW3Z3kRRowb0vri_NwrwefrapijvR2-W26uOzTwhgHQr6Fw99qjW1bRmwGGQFsCgEaQF5XgWtm0eJurTFJ6gmLrXIU9RqJ7KOYQBRKhVM4mSHSoX7C3ur9YSpPMwQWm3iaNpX1cHxxGThpSpFoh1NZ2Tn0wGwUmd4el21V7QQglM7w48-FAIGY7WQLAmh%26flowName%3DGeneralOAuthFlow%26as%3DS-1459084900%253A1776527637522163%26client_id%3D925328488459-pmnbelc6qc95iq5hn2oubl7sqvn0abta.apps.googleusercontent.com%26requestPath%3D%252Fsignin%252Foauth%252Fconsent%23&app_domain=https%3A%2F%2Fdeep-machine-learning-9d7d0.firebaseapp.com
2026-04-18T11:54:00.611205,focused,https://accounts.google.com/v3/signin/challenge/dp?TL=AIgtPP0recAqiM1dqlBL0saCCT7XIpkr6QGNjKK3y_02oS54c0Ex4vxdPrRN3D9s&authuser=0&cid=3&continue=https%3A%2F%2Faccounts.google.com%2Fsignin%2Foauth%2Fconsent%3Fauthuser%3D0%26part%3DAJi8hANqMehtrDxKlsj-TPfBnnKmOo35rznqSYf5YpE4sUwnZp0sM0qgVQyzUumpCZfe6iGkrdl43F91-Qx32IExEcgeVOXK4nUTKJDxP3vcz6YEuQYqZMFvJUJDENDu7L_4QqbZ_S5YB3tYqKKACDsmi15DbdFMXwq0rm3h-50zHk7C4wPdmneY3xhvKu3vL7U8qPVF2du1AeSbpnxaU3tOEGltxXOD_wtOF9OoOHVnHGaTCVJVaDOug2skHmElg0i1ktrH7n6CAMuvLR4NabTahpiTqIfla8MlHRVNVJNu0LoACaQOtKFX5zQ9oROeMr7FwrbokazMTnPnW3Z3kRRowb0vri_NwrwefrapijvR2-W26uOzTwhgHQr6Fw99qjW1bRmwGGQFsCgEaQF5XgWtm0eJurTFJ6gmLrXIU9RqJ7KOYQBRKhVM4mSHSoX7C3ur9YSpPMwQWm3iaNpX1cHxxGThpSpFoh1NZ2Tn0wGwUmd4el21V7QQglM7w48-FAIGY7WQLAmh%26flowName%3DGeneralOAuthFlow%26as%3DS-1459084900%253A1776527637522163%26client_id%3D925328488459-pmnbelc6qc95iq5hn2oubl7sqvn0abta.apps.googleusercontent.com%26requestPath%3D%252Fsignin%252Foauth%252Fconsent%26pli%3D1&dsh=S1310983370%3A1776527639459046&flowName=GlifWebSignIn&rart=ANgoxceIsTnDf_mfxvg4TmxQpAGVGnVYYGBH_jAyarn4JcHTswcVEXKJ9Kn1xxdpB-1rHiyLggQ3g8pwutpfBqt9oy161Y3RVn0KeJQE9uBNTAl70-l517E&rpbg=1
2026-04-18T11:54:16.437897,focused,https://accounts.google.com/signin/oauth/id?authuser=0&part=AJi8hAPvODrIy3NOgkIhkWP8yzhd1PKvjQGZ9TG3xAkVtMmFn_Y0UtbTtSOjyl7JkkANTDPnEq-xm1LXQk2tb25CQQ8o9VoJD_Dg6Wu6GdYOZvq051Zj0mvbGSiO1kl5AMQjSfQDeHVdVdnwN0MrR_bJ72eZH2a91FtTUMts0yv3GkgsDrToFZONbV3nXVcZtQ7VHYk67lJajF7rl4-Dfsb9xr9p3dxO-tf19h_IYNxBmN2BNFxYATmXaqYhaR3cUNVq835aKRbGGFr-mX6iCUpP3itxFM4W6HZj_smeb043y-4SyCPzfr26cZp3QtsXXQmRefqUmUFoizpUxCC5GU0rDS0uPPd-zYI9KfQXqABLUoVkuO-JFhvL28FCHjWY7h7njzO_-fw8k4sL2pWdLPGMdZQQ78wx7gft5djyVj_ddaln7l1c4tJwQcV7cVQzmr8uZd00jan49Vq8e7a-gRMk0MJqmYKBIeoeNptPyv8vVhrjGeFdgdZJuwcYijQqposWGDi-XfxNZGL_78iyjdpoGbmVZ7Bhor4Eqb2bEgN-IGmDjmoJ-pwWYKsqLbT7jsv-5TE7TeSOH3LEImhvKYPokatrGyuiNxlcxHzmoVw7EinQJGJC5yYYs9Uoit9qB-akxHP1vzjTCoVBh9YzlTPCepHZuTy_nNL0QEpXa5iJQ3Y1PSj--LjPVMD2gkCz8QcuIt0tDjBaBY2xtjRICJWeXWf3JBdbEajO5gaPcEpvo-aKhvg7DVa93PpqdsYtI9faKfqdWDDyY1Yg_kcMTXDSK7Df9zxXdZu7IZMkW_oynl1pKoP2QmKq9epaZ-seW2mAxr2uJ0z3xKqdBRTw3S_mKBm4tP_pP2ofWMNKKyzMrkFb-XD4iLuyj7p9Qs3oYEbiCaB1Go__&flowName=GeneralOAuthFlow&as=S-1459084900%3A1776527637522163&client_id=925328488459-pmnbelc6qc95iq5hn2oubl7sqvn0abta.apps.googleusercontent.com&rapt=AEjHL4NTfLOI5HkgrPYSiePf8NUMC24wQmzOwwZMejzibG9xgcNELPPXa3PEu8zCADDRYi95_xvlBrzMFczrMtYoIsYgYqjVLyOUneItIvaCprZWQKXbeeQ#
2026-04-18T11:54:21.092306,focused,https://deep-machine-learning-9d7d0.firebaseapp.com/__/auth/handler?state=AMbdmDmI2ZIMow-HM_lK6TY8HJnxxu4yycTsNP0GWxkPU8fYxlnNIYYYBFr8UdDoXd-5E8-LWpImfUAaWNz0VoJ9SF7rYmi4Xa9xH2ZjwAi4C3ZhmRS1Jkf2LNEwniMuqPPf_GtvR3h9MabpbAiUyGazMgNiCnmy-EPIzH1mspXmzWnBbSa5GbEyyeekm6B4eZDwePQ0s02xPvLLIGXovjYgCNjVk_uMgdoGLJji-TR9nng-y_sp4bHCVaKkxETYy9bZaLCOWw6rmIRTrJyBS4BiMK9AALfDqLxS-lP8D3rwG_tgEHcTnSprgDHq9Hr4PO8KaSoSH71QmeVQeyE2BWrt0QXNEA&iss=https%3A%2F%2Faccounts.google.com&code=4%2F0Aci98E9WbM9zg96MSJuovSc8X1JfhbLRrA1YUaRwb_68x6H3QEQvmDHkIETyhdBHWe53dQ&scope=email+profile+https%3A%2F%2Fwww.googleapis.com%2Fauth%2Fuserinfo.profile+https%3A%2F%2Fwww.googleapis.com%2Fauth%2Fuserinfo.email+openid&authuser=0&prompt=consent
2026-04-18T11:54:37.259064,tab_focus,https://www.deep-ml.com/problems/1
2026-04-18T12:14:00.351776,tab_focus,chrome://newtab/
2026-04-18T12:14:11.547533,focused,https://www.google.com/search?q=how+wortbh+it+is+it+to+get+a+5+on+physics+cs+for+gtech+reddit&oq=how+wortbh+it+is+it+to+get+a+5+on+physics+cs+for+gtech+reddit&gs_lcrp=EgZjaHJvbWUyBggAEEUYOTIJCAEQIRgKGKAB0gEIOTQyOWowajeoAgCwAgA&sourceid=chrome&ie=UTF-8
2026-04-18T12:14:17.321594,tab_focus,https://www.reddit.com/r/APStudents/comments/pdowwh/very_niche_advice_for_anyone_in_physics_c/
2026-04-18T12:14:22.723306,focused,https://www.google.com/search?q=how+wortbh+it+is+it+to+get+a+5+on+physics+cs+for+gtech+reddit&oq=how+wortbh+it+is+it+to+get+a+5+on+physics+cs+for+gtech+reddit&gs_lcrp=EgZjaHJvbWUyBggAEEUYOTIJCAEQIRgKGKAB0gEIOTQyOWowajeoAgCwAgA&sourceid=chrome&ie=UTF-8
2026-04-18T12:14:24.555503,tab_focus,https://www.reddit.com/r/APStudents/comments/pdowwh/very_niche_advice_for_anyone_in_physics_c/
2026-04-18T12:14:26.457152,focused,https://www.google.com/search?q=how+wortbh+it+is+it+to+get+a+5+on+physics+cs+for+gtech+reddit&oq=how+wortbh+it+is+it+to+get+a+5+on+physics+cs+for+gtech+reddit&gs_lcrp=EgZjaHJvbWUyBggAEEUYOTIJCAEQIRgKGKAB0gEIOTQyOWowajeoAgCwAgA&sourceid=chrome&ie=UTF-8
2026-04-18T12:14:57.679321,focused,https://www.google.com/search?q=if+u+get+a+4+on+physics+mech+can+you+ask+for+a+pass+by+gtech&sca_esv=7a3e106727178f17&sxsrf=ANbL-n7BqEt4SoTBTgmFcmXof4a2QO8BUg%3A1776528850688&ei=0q3jac3bKdKrptQP5ebM8AU&ved=0ahUKEwjNjNDY5feTAxXSlYkEHWUzE14Q4dUDCBE&uact=5&oq=if+u+get+a+4+on+physics+mech+can+you+ask+for+a+pass+by+gtech&gs_lp=Egxnd3Mtd2l6LXNlcnAiPGlmIHUgZ2V0IGEgNCBvbiBwaHlzaWNzIG1lY2ggY2FuIHlvdSBhc2sgZm9yIGEgcGFzcyBieSBndGVjaDIFECEYoAFIiGJQhgZY5GBwB3gAkAEEmAH8AaABp0yqAQgxNy40Mi4xMLgBA8gBAPgBAZgCRaAC5kjCAgQQIxgnwgIKECMY8AUYJxieBsICFBAuGIAEGLEDGIMBGMcBGI4FGK8BwgIIEAAYgAQYsQPCAgsQLhiABBixAxiDAcICBRAAGIAEwgIOEC4YgAQYsQMY0QMYxwHCAg4QABiABBixAxiDARiKBcICDhAuGIAEGMcBGI4FGK8BwgIIEC4YgAQYsQPCAgUQLhiABMICBxAuGIAEGArCAgcQABiABBgKwgIaEC4YgAQYsQMYgwEYlwUY3AQY3gQY4ATYAQHCAhQQLhiABBiXBRjcBBjeBBjgBNgBAcICCxAAGIAEGIYDGIoFwgIFEAAY7wXCAgYQABgWGB7CAgUQIRirAsICBRAhGJ8FwgIHECEYoAEYCpgDAOIDBRIBMSBAiAYBugYGCAEQARgUkgcIMTcuNDEuMTGgB9uPBLIHCDExLjQxLjExuAemSMIHDTUuNDEuMTguMS4zLjHIB88CgAgA&sclient=gws-wiz-serp
2026-04-18T12:15:19.607958,tab_focus,https://catalog.gatech.edu/academics/undergraduate/credit-tests-scores/advanced-placement-exams/
2026-04-18T12:15:45.278219,tab_focus,chrome://newtab/
2026-04-18T12:15:52.526236,focused,https://www.google.com/search?q=is+the+gtech+physics+placement+test+hard&oq=is+the+gtech+physics+place&gs_lcrp=EgZjaHJvbWUqBwgBECEYoAEyBggAEEUYOTIHCAEQIRigATIHCAIQIRigATIHCAMQIRigATIHCAQQIRigATIHCAUQIRigATIHCAYQIRiPAjIHCAcQIRiPAtIBCDQ2OTlqMGo3qAIAsAIA&sourceid=chrome&ie=UTF-8
2026-04-18T12:16:37.470880,tab_focus,chrome://contextual-tasks/?chrome_task_id=035bfb90-9a93-466d-9503-678f72feb379
2026-04-18T12:16:37.486419,tab_focus,chrome://contextual-tasks/?chrome_task_id=035bfb90-9a93-466d-9503-678f72feb379
2026-04-18T12:16:37.745605,tab_focus,chrome://contextual-tasks/?q=is+the+gtech+physics+placement+test+hard&gs_lcrp=EgZjaHJvbWUqBwgBECEYoAEyBggAEEUYOTIHCAEQIRigATIHCAIQIRigATIHCAMQIRigATIHCAQQIRigATIHCAUQIRigATIHCAYQIRiPAjIHCAcQIRiPAtIBCDQ2OTlqMGo3qAIAsAIA&sourceid=chrome&ie=UTF-8&udm=50&fbs=ADc_l-aN0CWEZBOHjofHoaMMDiKpFZYo9qIX3pM4_jubAu4b8BLCVR2Ov2eBOoXNgto4-ToeyMZfBfU1VupZsCIIgfYs618BJ0AYnz5F_zqAV52iWK2U7QfHNY_DwdnvO9tlw9gTL0MgXHoRXT1Kdh-sPwLmNnrJ0d-_smbXqaYUs7xH9GV5vHphQXLni8GDgqwTOJ7lRK3sAaQYeoDiQ-0aDgknCh5iOg&ved=2ahUKEwiNgMeI5veTAxX9K1kFHUJCMcsQ0NsOegQIAxAB&aep=10&ntc=1&cs=0&hl=en-US&biw=1280&bih=665.3333740234375&chrome_task_id=035bfb90-9a93-466d-9503-678f72feb379
2026-04-18T12:16:37.767104,tab_focus,chrome://contextual-tasks/?q=is+the+gtech+physics+placement+test+hard&gs_lcrp=EgZjaHJvbWUqBwgBECEYoAEyBggAEEUYOTIHCAEQIRigATIHCAIQIRigATIHCAMQIRigATIHCAQQIRigATIHCAUQIRigATIHCAYQIRiPAjIHCAcQIRiPAtIBCDQ2OTlqMGo3qAIAsAIA&sourceid=chrome&ie=UTF-8&udm=50&fbs=ADc_l-aN0CWEZBOHjofHoaMMDiKpFZYo9qIX3pM4_jubAu4b8BLCVR2Ov2eBOoXNgto4-ToeyMZfBfU1VupZsCIIgfYs618BJ0AYnz5F_zqAV52iWK2U7QfHNY_DwdnvO9tlw9gTL0MgXHoRXT1Kdh-sPwLmNnrJ0d-_smbXqaYUs7xH9GV5vHphQXLni8GDgqwTOJ7lRK3sAaQYeoDiQ-0aDgknCh5iOg&ved=2ahUKEwiNgMeI5veTAxX9K1kFHUJCMcsQ0NsOegQIAxAB&aep=10&ntc=1&cs=0&hl=en-US&biw=1280&bih=665.3333740234375&chrome_task_id=035bfb90-9a93-466d-9503-678f72feb379
2026-04-18T12:16:37.956974,tab_focus,chrome://contextual-tasks/?q=is+the+gtech+physics+placement+test+hard&gs_lcrp=EgZjaHJvbWUqBwgBECEYoAEyBggAEEUYOTIHCAEQIRigATIHCAIQIRigATIHCAMQIRigATIHCAQQIRigATIHCAUQIRigATIHCAYQIRiPAjIHCAcQIRiPAtIBCDQ2OTlqMGo3qAIAsAIA&sourceid=chrome&ie=UTF-8&udm=50&fbs=ADc_l-aN0CWEZBOHjofHoaMMDiKpFZYo9qIX3pM4_jubAu4b8BLCVR2Ov2eBOoXNgto4-ToeyMZfBfU1VupZsCIIgfYs618BJ0AYnz5F_zqAV52iWK2U7QfHNY_DwdnvO9tlw9gTL0MgXHoRXT1Kdh-sPwLmNnrJ0d-_smbXqaYUs7xH9GV5vHphQXLni8GDgqwTOJ7lRK3sAaQYeoDiQ-0aDgknCh5iOg&ved=2ahUKEwiNgMeI5veTAxX9K1kFHUJCMcsQ0NsOegQIAxAB&aep=10&ntc=1&cs=0&hl=en-US&biw=1280&bih=665.3333740234375&mstk=AUtExfA7JoHbg7Lnlf94b1G6iEgP92TN5ancQN39jXZgUto9T9BdITpbg-R_SvsQOBui9yYHkbQMLp6nYTaWdl4qMr0gld4wZxWmImzQ7pq8PKh4NrNN6yNMb5WEVaFJRCPf_JAzpoKhcCchKfTopxXmywe2P5XraTjX2gU&csuir=1&chrome_task_id=035bfb90-9a93-466d-9503-678f72feb379
2026-04-18T12:16:38.318375,tab_focus,chrome://contextual-tasks/?q=is+the+gtech+physics+placement+test+hard&gs_lcrp=EgZjaHJvbWUqBwgBECEYoAEyBggAEEUYOTIHCAEQIRigATIHCAIQIRigATIHCAMQIRigATIHCAQQIRigATIHCAUQIRigATIHCAYQIRiPAjIHCAcQIRiPAtIBCDQ2OTlqMGo3qAIAsAIA&sourceid=chrome&ie=UTF-8&udm=50&fbs=ADc_l-aN0CWEZBOHjofHoaMMDiKpFZYo9qIX3pM4_jubAu4b8BLCVR2Ov2eBOoXNgto4-ToeyMZfBfU1VupZsCIIgfYs618BJ0AYnz5F_zqAV52iWK2U7QfHNY_DwdnvO9tlw9gTL0MgXHoRXT1Kdh-sPwLmNnrJ0d-_smbXqaYUs7xH9GV5vHphQXLni8GDgqwTOJ7lRK3sAaQYeoDiQ-0aDgknCh5iOg&ved=2ahUKEwiNgMeI5veTAxX9K1kFHUJCMcsQ0NsOegQIAxAB&aep=10&ntc=1&cs=0&hl=en-US&biw=1280&bih=665.3333740234375&mstk=AUtExfA7JoHbg7Lnlf94b1G6iEgP92TN5ancQN39jXZgUto9T9BdITpbg-R_SvsQOBui9yYHkbQMLp6nYTaWdl4qMr0gld4wZxWmImzQ7pq8PKh4NrNN6yNMb5WEVaFJRCPf_JAzpoKhcCchKfTopxXmywe2P5XraTjX2gU&csuir=1&chrome_task_id=035bfb90-9a93-466d-9503-678f72feb379
2026-04-18T12:16:38.382448,tab_focus,chrome://contextual-tasks/?q=is+the+gtech+physics+placement+test+hard&gs_lcrp=EgZjaHJvbWUqBwgBECEYoAEyBggAEEUYOTIHCAEQIRigATIHCAIQIRigATIHCAMQIRigATIHCAQQIRigATIHCAUQIRigATIHCAYQIRiPAjIHCAcQIRiPAtIBCDQ2OTlqMGo3qAIAsAIA&sourceid=chrome&ie=UTF-8&udm=50&fbs=ADc_l-aN0CWEZBOHjofHoaMMDiKpFZYo9qIX3pM4_jubAu4b8BLCVR2Ov2eBOoXNgto4-ToeyMZfBfU1VupZsCIIgfYs618BJ0AYnz5F_zqAV52iWK2U7QfHNY_DwdnvO9tlw9gTL0MgXHoRXT1Kdh-sPwLmNnrJ0d-_smbXqaYUs7xH9GV5vHphQXLni8GDgqwTOJ7lRK3sAaQYeoDiQ-0aDgknCh5iOg&ved=2ahUKEwiNgMeI5veTAxX9K1kFHUJCMcsQ0NsOegQIAxAB&aep=10&ntc=1&cs=0&hl=en-US&biw=1280&bih=665.3333740234375&mstk=AUtExfA7JoHbg7Lnlf94b1G6iEgP92TN5ancQN39jXZgUto9T9BdITpbg-R_SvsQOBui9yYHkbQMLp6nYTaWdl4qMr0gld4wZxWmImzQ7pq8PKh4NrNN6yNMb5WEVaFJRCPf_JAzpoKhcCchKfTopxXmywe2P5XraTjX2gU&csuir=1&chrome_task_id=035bfb90-9a93-466d-9503-678f72feb379
2026-04-18T12:16:41.105472,tab_focus,chrome://contextual-tasks/?q=is+the+gtech+physics+placement+test+hard&gs_lcrp=EgZjaHJvbWUqBwgBECEYoAEyBggAEEUYOTIHCAEQIRigATIHCAIQIRigATIHCAMQIRigATIHCAQQIRigATIHCAUQIRigATIHCAYQIRiPAjIHCAcQIRiPAtIBCDQ2OTlqMGo3qAIAsAIA&sourceid=chrome&ie=UTF-8&udm=50&fbs=ADc_l-aN0CWEZBOHjofHoaMMDiKpFZYo9qIX3pM4_jubAu4b8BLCVR2Ov2eBOoXNgto4-ToeyMZfBfU1VupZsCIIgfYs618BJ0AYnz5F_zqAV52iWK2U7QfHNY_DwdnvO9tlw9gTL0MgXHoRXT1Kdh-sPwLmNnrJ0d-_smbXqaYUs7xH9GV5vHphQXLni8GDgqwTOJ7lRK3sAaQYeoDiQ-0aDgknCh5iOg&ved=2ahUKEwiNgMeI5veTAxX9K1kFHUJCMcsQ0NsOegQIAxAB&aep=10&ntc=1&cs=0&hl=en-US&biw=1280&bih=665.3333740234375&mstk=AUtExfBgxsYqvqEyaPmZvInCsTE7qOOeQSrsGAiQZkhCVATbw0FDRKiDKWxzr9keutNg3EsHntyqVYUUVad8Fpj1EdZ-nR6tGumzA3RSWuEp_zHUb2oSw4rlSZXSwNkhfOGAfgbhJ37mxAGLq4FE-_Wb1oDooi7A4IFSxOM&csuir=1&chrome_task_id=035bfb90-9a93-466d-9503-678f72feb379
2026-04-18T12:16:41.115335,tab_focus,chrome://contextual-tasks/?q=is+the+gtech+physics+placement+test+hard&gs_lcrp=EgZjaHJvbWUqBwgBECEYoAEyBggAEEUYOTIHCAEQIRigATIHCAIQIRigATIHCAMQIRigATIHCAQQIRigATIHCAUQIRigATIHCAYQIRiPAjIHCAcQIRiPAtIBCDQ2OTlqMGo3qAIAsAIA&sourceid=chrome&ie=UTF-8&udm=50&fbs=ADc_l-aN0CWEZBOHjofHoaMMDiKpFZYo9qIX3pM4_jubAu4b8BLCVR2Ov2eBOoXNgto4-ToeyMZfBfU1VupZsCIIgfYs618BJ0AYnz5F_zqAV52iWK2U7QfHNY_DwdnvO9tlw9gTL0MgXHoRXT1Kdh-sPwLmNnrJ0d-_smbXqaYUs7xH9GV5vHphQXLni8GDgqwTOJ7lRK3sAaQYeoDiQ-0aDgknCh5iOg&ved=2ahUKEwiNgMeI5veTAxX9K1kFHUJCMcsQ0NsOegQIAxAB&aep=10&ntc=1&cs=0&hl=en-US&biw=1280&bih=665.3333740234375&mstk=AUtExfBgxsYqvqEyaPmZvInCsTE7qOOeQSrsGAiQZkhCVATbw0FDRKiDKWxzr9keutNg3EsHntyqVYUUVad8Fpj1EdZ-nR6tGumzA3RSWuEp_zHUb2oSw4rlSZXSwNkhfOGAfgbhJ37mxAGLq4FE-_Wb1oDooi7A4IFSxOM&csuir=1&chrome_task_id=035bfb90-9a93-466d-9503-678f72feb379
2026-04-18T12:16:41.132660,tab_focus,chrome://contextual-tasks/?q=is+the+gtech+physics+placement+test+hard&gs_lcrp=EgZjaHJvbWUqBwgBECEYoAEyBggAEEUYOTIHCAEQIRigATIHCAIQIRigATIHCAMQIRigATIHCAQQIRigATIHCAUQIRigATIHCAYQIRiPAjIHCAcQIRiPAtIBCDQ2OTlqMGo3qAIAsAIA&sourceid=chrome&ie=UTF-8&udm=50&fbs=ADc_l-aN0CWEZBOHjofHoaMMDiKpFZYo9qIX3pM4_jubAu4b8BLCVR2Ov2eBOoXNgto4-ToeyMZfBfU1VupZsCIIgfYs618BJ0AYnz5F_zqAV52iWK2U7QfHNY_DwdnvO9tlw9gTL0MgXHoRXT1Kdh-sPwLmNnrJ0d-_smbXqaYUs7xH9GV5vHphQXLni8GDgqwTOJ7lRK3sAaQYeoDiQ-0aDgknCh5iOg&ved=2ahUKEwiNgMeI5veTAxX9K1kFHUJCMcsQ0NsOegQIAxAB&aep=10&ntc=1&cs=0&hl=en-US&biw=1280&bih=665.3333740234375&mstk=AUtExfBhnC3owsoieqjc5R6nr-OQA1yAzGgpLKVfvz5K-Wb4s5vVWj4aJveyphkY_wpnqUtLga-ZIPIYoBeFgjYJlqdcCc8cpViEC6pyDL5lVMuP2TkwJIUzHV1fIP-BXHKglPWYtfMPlKJKfOZMJkcBRxRJii1e8uYoMrA&csuir=1&chrome_task_id=035bfb90-9a93-466d-9503-678f72feb379
2026-04-18T12:16:41.155560,tab_focus,chrome://contextual-tasks/?q=is+the+gtech+physics+placement+test+hard&gs_lcrp=EgZjaHJvbWUqBwgBECEYoAEyBggAEEUYOTIHCAEQIRigATIHCAIQIRigATIHCAMQIRigATIHCAQQIRigATIHCAUQIRigATIHCAYQIRiPAjIHCAcQIRiPAtIBCDQ2OTlqMGo3qAIAsAIA&sourceid=chrome&ie=UTF-8&udm=50&fbs=ADc_l-aN0CWEZBOHjofHoaMMDiKpFZYo9qIX3pM4_jubAu4b8BLCVR2Ov2eBOoXNgto4-ToeyMZfBfU1VupZsCIIgfYs618BJ0AYnz5F_zqAV52iWK2U7QfHNY_DwdnvO9tlw9gTL0MgXHoRXT1Kdh-sPwLmNnrJ0d-_smbXqaYUs7xH9GV5vHphQXLni8GDgqwTOJ7lRK3sAaQYeoDiQ-0aDgknCh5iOg&ved=2ahUKEwiNgMeI5veTAxX9K1kFHUJCMcsQ0NsOegQIAxAB&aep=10&ntc=1&cs=0&hl=en-US&biw=1280&bih=665.3333740234375&mstk=AUtExfBhnC3owsoieqjc5R6nr-OQA1yAzGgpLKVfvz5K-Wb4s5vVWj4aJveyphkY_wpnqUtLga-ZIPIYoBeFgjYJlqdcCc8cpViEC6pyDL5lVMuP2TkwJIUzHV1fIP-BXHKglPWYtfMPlKJKfOZMJkcBRxRJii1e8uYoMrA&csuir=1&chrome_task_id=035bfb90-9a93-466d-9503-678f72feb379
2026-04-18T12:16:41.171181,tab_focus,chrome://contextual-tasks/?q=is+the+gtech+physics+placement+test+hard&gs_lcrp=EgZjaHJvbWUqBwgBECEYoAEyBggAEEUYOTIHCAEQIRigATIHCAIQIRigATIHCAMQIRigATIHCAQQIRigATIHCAUQIRigATIHCAYQIRiPAjIHCAcQIRiPAtIBCDQ2OTlqMGo3qAIAsAIA&sourceid=chrome&ie=UTF-8&udm=50&fbs=ADc_l-aN0CWEZBOHjofHoaMMDiKpFZYo9qIX3pM4_jubAu4b8BLCVR2Ov2eBOoXNgto4-ToeyMZfBfU1VupZsCIIgfYs618BJ0AYnz5F_zqAV52iWK2U7QfHNY_DwdnvO9tlw9gTL0MgXHoRXT1Kdh-sPwLmNnrJ0d-_smbXqaYUs7xH9GV5vHphQXLni8GDgqwTOJ7lRK3sAaQYeoDiQ-0aDgknCh5iOg&ved=2ahUKEwiNgMeI5veTAxX9K1kFHUJCMcsQ0NsOegQIAxAB&aep=10&ntc=1&cs=0&hl=en-US&biw=1280&bih=665.3333740234375&mstk=AUtExfBhnC3owsoieqjc5R6nr-OQA1yAzGgpLKVfvz5K-Wb4s5vVWj4aJveyphkY_wpnqUtLga-ZIPIYoBeFgjYJlqdcCc8cpViEC6pyDL5lVMuP2TkwJIUzHV1fIP-BXHKglPWYtfMPlKJKfOZMJkcBRxRJii1e8uYoMrA&csuir=1&chrome_task_id=035bfb90-9a93-466d-9503-678f72feb379
2026-04-18T12:16:41.302877,tab_focus,chrome://contextual-tasks/?q=is+the+gtech+physics+placement+test+hard&gs_lcrp=EgZjaHJvbWUqBwgBECEYoAEyBggAEEUYOTIHCAEQIRigATIHCAIQIRigATIHCAMQIRigATIHCAQQIRigATIHCAUQIRigATIHCAYQIRiPAjIHCAcQIRiPAtIBCDQ2OTlqMGo3qAIAsAIA&sourceid=chrome&ie=UTF-8&udm=50&fbs=ADc_l-aN0CWEZBOHjofHoaMMDiKpFZYo9qIX3pM4_jubAu4b8BLCVR2Ov2eBOoXNgto4-ToeyMZfBfU1VupZsCIIgfYs618BJ0AYnz5F_zqAV52iWK2U7QfHNY_DwdnvO9tlw9gTL0MgXHoRXT1Kdh-sPwLmNnrJ0d-_smbXqaYUs7xH9GV5vHphQXLni8GDgqwTOJ7lRK3sAaQYeoDiQ-0aDgknCh5iOg&ved=2ahUKEwiNgMeI5veTAxX9K1kFHUJCMcsQ0NsOegQIAxAB&aep=10&ntc=1&cs=0&hl=en-US&biw=1280&bih=665.3333740234375&mstk=AUtExfBhnC3owsoieqjc5R6nr-OQA1yAzGgpLKVfvz5K-Wb4s5vVWj4aJveyphkY_wpnqUtLga-ZIPIYoBeFgjYJlqdcCc8cpViEC6pyDL5lVMuP2TkwJIUzHV1fIP-BXHKglPWYtfMPlKJKfOZMJkcBRxRJii1e8uYoMrA&csuir=1&chrome_task_id=035bfb90-9a93-466d-9503-678f72feb379
2026-04-18T12:16:42.125350,tab_focus,chrome://contextual-tasks/?q=is+the+gtech+physics+placement+test+hard&gs_lcrp=EgZjaHJvbWUqBwgBECEYoAEyBggAEEUYOTIHCAEQIRigATIHCAIQIRigATIHCAMQIRigATIHCAQQIRigATIHCAUQIRigATIHCAYQIRiPAjIHCAcQIRiPAtIBCDQ2OTlqMGo3qAIAsAIA&sourceid=chrome&ie=UTF-8&udm=50&fbs=ADc_l-aN0CWEZBOHjofHoaMMDiKpFZYo9qIX3pM4_jubAu4b8BLCVR2Ov2eBOoXNgto4-ToeyMZfBfU1VupZsCIIgfYs618BJ0AYnz5F_zqAV52iWK2U7QfHNY_DwdnvO9tlw9gTL0MgXHoRXT1Kdh-sPwLmNnrJ0d-_smbXqaYUs7xH9GV5vHphQXLni8GDgqwTOJ7lRK3sAaQYeoDiQ-0aDgknCh5iOg&ved=2ahUKEwiNgMeI5veTAxX9K1kFHUJCMcsQ0NsOegQIAxAB&aep=10&ntc=1&cs=0&hl=en-US&biw=1280&bih=665.3333740234375&mstk=AUtExfBhnC3owsoieqjc5R6nr-OQA1yAzGgpLKVfvz5K-Wb4s5vVWj4aJveyphkY_wpnqUtLga-ZIPIYoBeFgjYJlqdcCc8cpViEC6pyDL5lVMuP2TkwJIUzHV1fIP-BXHKglPWYtfMPlKJKfOZMJkcBRxRJii1e8uYoMrA&csuir=1&mtid=Zq7jaefxI9-g5NoP1-LTyA0&chrome_task_id=035bfb90-9a93-466d-9503-678f72feb379
2026-04-18T12:16:42.129257,tab_focus,chrome://contextual-tasks/?q=is+the+gtech+physics+placement+test+hard&gs_lcrp=EgZjaHJvbWUqBwgBECEYoAEyBggAEEUYOTIHCAEQIRigATIHCAIQIRigATIHCAMQIRigATIHCAQQIRigATIHCAUQIRigATIHCAYQIRiPAjIHCAcQIRiPAtIBCDQ2OTlqMGo3qAIAsAIA&sourceid=chrome&ie=UTF-8&udm=50&fbs=ADc_l-aN0CWEZBOHjofHoaMMDiKpFZYo9qIX3pM4_jubAu4b8BLCVR2Ov2eBOoXNgto4-ToeyMZfBfU1VupZsCIIgfYs618BJ0AYnz5F_zqAV52iWK2U7QfHNY_DwdnvO9tlw9gTL0MgXHoRXT1Kdh-sPwLmNnrJ0d-_smbXqaYUs7xH9GV5vHphQXLni8GDgqwTOJ7lRK3sAaQYeoDiQ-0aDgknCh5iOg&ved=2ahUKEwiNgMeI5veTAxX9K1kFHUJCMcsQ0NsOegQIAxAB&aep=10&ntc=1&cs=0&hl=en-US&biw=1280&bih=665.3333740234375&mstk=AUtExfBhnC3owsoieqjc5R6nr-OQA1yAzGgpLKVfvz5K-Wb4s5vVWj4aJveyphkY_wpnqUtLga-ZIPIYoBeFgjYJlqdcCc8cpViEC6pyDL5lVMuP2TkwJIUzHV1fIP-BXHKglPWYtfMPlKJKfOZMJkcBRxRJii1e8uYoMrA&csuir=1&mtid=Zq7jaefxI9-g5NoP1-LTyA0&chrome_task_id=035bfb90-9a93-466d-9503-678f72feb379
2026-04-18T12:16:42.134102,tab_focus,chrome://contextual-tasks/?q=is+the+gtech+physics+placement+test+hard&gs_lcrp=EgZjaHJvbWUqBwgBECEYoAEyBggAEEUYOTIHCAEQIRigATIHCAIQIRigATIHCAMQIRigATIHCAQQIRigATIHCAUQIRigATIHCAYQIRiPAjIHCAcQIRiPAtIBCDQ2OTlqMGo3qAIAsAIA&sourceid=chrome&ie=UTF-8&udm=50&fbs=ADc_l-aN0CWEZBOHjofHoaMMDiKpFZYo9qIX3pM4_jubAu4b8BLCVR2Ov2eBOoXNgto4-ToeyMZfBfU1VupZsCIIgfYs618BJ0AYnz5F_zqAV52iWK2U7QfHNY_DwdnvO9tlw9gTL0MgXHoRXT1Kdh-sPwLmNnrJ0d-_smbXqaYUs7xH9GV5vHphQXLni8GDgqwTOJ7lRK3sAaQYeoDiQ-0aDgknCh5iOg&ved=2ahUKEwiNgMeI5veTAxX9K1kFHUJCMcsQ0NsOegQIAxAB&aep=10&ntc=1&cs=0&hl=en-US&biw=1280&bih=665.3333740234375&mstk=AUtExfBhnC3owsoieqjc5R6nr-OQA1yAzGgpLKVfvz5K-Wb4s5vVWj4aJveyphkY_wpnqUtLga-ZIPIYoBeFgjYJlqdcCc8cpViEC6pyDL5lVMuP2TkwJIUzHV1fIP-BXHKglPWYtfMPlKJKfOZMJkcBRxRJii1e8uYoMrA&csuir=1&mtid=Zq7jaefxI9-g5NoP1-LTyA0&chrome_task_id=035bfb90-9a93-466d-9503-678f72feb379
2026-04-18T12:16:51.952245,tab_focus,chrome://contextual-tasks/?q=is+the+gtech+physics+placement+test+hard&gs_lcrp=EgZjaHJvbWUqBwgBECEYoAEyBggAEEUYOTIHCAEQIRigATIHCAIQIRigATIHCAMQIRigATIHCAQQIRigATIHCAUQIRigATIHCAYQIRiPAjIHCAcQIRiPAtIBCDQ2OTlqMGo3qAIAsAIA&sourceid=chrome&ie=UTF-8&fbs=ADc_l-aN0CWEZBOHjofHoaMMDiKpFZYo9qIX3pM4_jubAu4b8BLCVR2Ov2eBOoXNgto4-ToeyMZfBfU1VupZsCIIgfYs618BJ0AYnz5F_zqAV52iWK2U7QfHNY_DwdnvO9tlw9gTL0MgXHoRXT1Kdh-sPwLmNnrJ0d-_smbXqaYUs7xH9GV5vHphQXLni8GDgqwTOJ7lRK3sAaQYeoDiQ-0aDgknCh5iOg&ved=2ahUKEwiNgMeI5veTAxX9K1kFHUJCMcsQ0NsOegQIAxAB&aep=10&ntc=1&cs=0&hl=en-US&biw=1280&bih=665.3333740234375&mstk=AUtExfBhnC3owsoieqjc5R6nr-OQA1yAzGgpLKVfvz5K-Wb4s5vVWj4aJveyphkY_wpnqUtLga-ZIPIYoBeFgjYJlqdcCc8cpViEC6pyDL5lVMuP2TkwJIUzHV1fIP-BXHKglPWYtfMPlKJKfOZMJkcBRxRJii1e8uYoMrA&csuir=1&mtid=Zq7jaefxI9-g5NoP1-LTyA0&udm=50&chrome_task_id=035bfb90-9a93-466d-9503-678f72feb379
2026-04-18T12:16:54.963690,tab_focus,chrome://contextual-tasks/?q=is+the+gtech+physics+placement+test+hard&gs_lcrp=EgZjaHJvbWUqBwgBECEYoAEyBggAEEUYOTIHCAEQIRigATIHCAIQIRigATIHCAMQIRigATIHCAQQIRigATIHCAUQIRigATIHCAYQIRiPAjIHCAcQIRiPAtIBCDQ2OTlqMGo3qAIAsAIA&sourceid=chrome&ie=UTF-8&fbs=ADc_l-aN0CWEZBOHjofHoaMMDiKpFZYo9qIX3pM4_jubAu4b8BLCVR2Ov2eBOoXNgto4-ToeyMZfBfU1VupZsCIIgfYs618BJ0AYnz5F_zqAV52iWK2U7QfHNY_DwdnvO9tlw9gTL0MgXHoRXT1Kdh-sPwLmNnrJ0d-_smbXqaYUs7xH9GV5vHphQXLni8GDgqwTOJ7lRK3sAaQYeoDiQ-0aDgknCh5iOg&ved=2ahUKEwiNgMeI5veTAxX9K1kFHUJCMcsQ0NsOegQIAxAB&aep=10&ntc=1&cs=0&hl=en-US&biw=1280&bih=665.3333740234375&mstk=AUtExfDoqu6wastAhpu4L5_Um-rzcOag2_c27uSmbSC87vaE03Q_4Imo3Z47xlmBeIJ9vFEO4iN1pfCaAfRcEL6K-n3Ag0FVeI_Z_9XjBGYz6tEL6pe3iJsFOb5zHjOpTdwL-2o4dVUv0FON7QMm2B-Iozcb7gcja9drsKp3WnibFs01yvz1imwogxOGKr-lFRifq-j5I1Bm3rom1-avKNeUCLcR-Zc6MIfCPzEDmj6t11jaJ2BJGmRf-si7kSK8RulRU4DkgO2597t2Lw&csuir=1&mtid=Zq7jaefxI9-g5NoP1-LTyA0&udm=50&chrome_task_id=035bfb90-9a93-466d-9503-678f72feb379
2026-04-18T12:16:55.013429,tab_focus,chrome://contextual-tasks/?q=is+the+gtech+physics+placement+test+hard&gs_lcrp=EgZjaHJvbWUqBwgBECEYoAEyBggAEEUYOTIHCAEQIRigATIHCAIQIRigATIHCAMQIRigATIHCAQQIRigATIHCAUQIRigATIHCAYQIRiPAjIHCAcQIRiPAtIBCDQ2OTlqMGo3qAIAsAIA&sourceid=chrome&ie=UTF-8&fbs=ADc_l-aN0CWEZBOHjofHoaMMDiKpFZYo9qIX3pM4_jubAu4b8BLCVR2Ov2eBOoXNgto4-ToeyMZfBfU1VupZsCIIgfYs618BJ0AYnz5F_zqAV52iWK2U7QfHNY_DwdnvO9tlw9gTL0MgXHoRXT1Kdh-sPwLmNnrJ0d-_smbXqaYUs7xH9GV5vHphQXLni8GDgqwTOJ7lRK3sAaQYeoDiQ-0aDgknCh5iOg&ved=2ahUKEwiNgMeI5veTAxX9K1kFHUJCMcsQ0NsOegQIAxAB&aep=10&ntc=1&cs=0&hl=en-US&biw=1280&bih=665.3333740234375&mstk=AUtExfDoqu6wastAhpu4L5_Um-rzcOag2_c27uSmbSC87vaE03Q_4Imo3Z47xlmBeIJ9vFEO4iN1pfCaAfRcEL6K-n3Ag0FVeI_Z_9XjBGYz6tEL6pe3iJsFOb5zHjOpTdwL-2o4dVUv0FON7QMm2B-Iozcb7gcja9drsKp3WnibFs01yvz1imwogxOGKr-lFRifq-j5I1Bm3rom1-avKNeUCLcR-Zc6MIfCPzEDmj6t11jaJ2BJGmRf-si7kSK8RulRU4DkgO2597t2Lw&csuir=1&mtid=Zq7jaefxI9-g5NoP1-LTyA0&udm=50&chrome_task_id=035bfb90-9a93-466d-9503-678f72feb379
2026-04-18T12:16:55.143712,tab_focus,chrome://contextual-tasks/?q=is+the+gtech+physics+placement+test+hard&gs_lcrp=EgZjaHJvbWUqBwgBECEYoAEyBggAEEUYOTIHCAEQIRigATIHCAIQIRigATIHCAMQIRigATIHCAQQIRigATIHCAUQIRigATIHCAYQIRiPAjIHCAcQIRiPAtIBCDQ2OTlqMGo3qAIAsAIA&sourceid=chrome&ie=UTF-8&fbs=ADc_l-aN0CWEZBOHjofHoaMMDiKpFZYo9qIX3pM4_jubAu4b8BLCVR2Ov2eBOoXNgto4-ToeyMZfBfU1VupZsCIIgfYs618BJ0AYnz5F_zqAV52iWK2U7QfHNY_DwdnvO9tlw9gTL0MgXHoRXT1Kdh-sPwLmNnrJ0d-_smbXqaYUs7xH9GV5vHphQXLni8GDgqwTOJ7lRK3sAaQYeoDiQ-0aDgknCh5iOg&ved=2ahUKEwiNgMeI5veTAxX9K1kFHUJCMcsQ0NsOegQIAxAB&aep=10&ntc=1&cs=0&hl=en-US&biw=1280&bih=665.3333740234375&mstk=AUtExfDoqu6wastAhpu4L5_Um-rzcOag2_c27uSmbSC87vaE03Q_4Imo3Z47xlmBeIJ9vFEO4iN1pfCaAfRcEL6K-n3Ag0FVeI_Z_9XjBGYz6tEL6pe3iJsFOb5zHjOpTdwL-2o4dVUv0FON7QMm2B-Iozcb7gcja9drsKp3WnibFs01yvz1imwogxOGKr-lFRifq-j5I1Bm3rom1-avKNeUCLcR-Zc6MIfCPzEDmj6t11jaJ2BJGmRf-si7kSK8RulRU4DkgO2597t2Lw&csuir=1&mtid=Zq7jaefxI9-g5NoP1-LTyA0&udm=50&chrome_task_id=035bfb90-9a93-466d-9503-678f72feb379
2026-04-18T12:16:55.146035,tab_focus,chrome://contextual-tasks/?q=is+the+gtech+physics+placement+test+hard&gs_lcrp=EgZjaHJvbWUqBwgBECEYoAEyBggAEEUYOTIHCAEQIRigATIHCAIQIRigATIHCAMQIRigATIHCAQQIRigATIHCAUQIRigATIHCAYQIRiPAjIHCAcQIRiPAtIBCDQ2OTlqMGo3qAIAsAIA&sourceid=chrome&ie=UTF-8&fbs=ADc_l-aN0CWEZBOHjofHoaMMDiKpFZYo9qIX3pM4_jubAu4b8BLCVR2Ov2eBOoXNgto4-ToeyMZfBfU1VupZsCIIgfYs618BJ0AYnz5F_zqAV52iWK2U7QfHNY_DwdnvO9tlw9gTL0MgXHoRXT1Kdh-sPwLmNnrJ0d-_smbXqaYUs7xH9GV5vHphQXLni8GDgqwTOJ7lRK3sAaQYeoDiQ-0aDgknCh5iOg&ved=2ahUKEwiNgMeI5veTAxX9K1kFHUJCMcsQ0NsOegQIAxAB&aep=10&ntc=1&cs=0&hl=en-US&biw=1280&bih=665.3333740234375&mstk=AUtExfCK8bs2Ei38aaMxN6Em7fYspeVjlx3IWax5zlfX0UdpdzKfSBv4UVH0XfEQmTdUGqVxwOXk61HyGc63gQm1_mpMrfqxa-UF5sswMxItPM7KKUmVEyJmQ2r516m7_tIX_FYKataseU_VSDy9qDfC7PaPhnnmqxeiQq-9JD4RwycNNV9x0DgsV6Rhf-vzGebx25c-QS_tzVUSCiNOFjIodo5lJrBBAlrX3JGe8COFtnha_NP1P7V2Sl3bgj9FC6ms4Kiv9dldWsLuUg&csuir=1&mtid=Zq7jaefxI9-g5NoP1-LTyA0&udm=50&chrome_task_id=035bfb90-9a93-466d-9503-678f72feb379
2026-04-18T12:16:55.148211,tab_focus,chrome://contextual-tasks/?q=is+the+gtech+physics+placement+test+hard&gs_lcrp=EgZjaHJvbWUqBwgBECEYoAEyBggAEEUYOTIHCAEQIRigATIHCAIQIRigATIHCAMQIRigATIHCAQQIRigATIHCAUQIRigATIHCAYQIRiPAjIHCAcQIRiPAtIBCDQ2OTlqMGo3qAIAsAIA&sourceid=chrome&ie=UTF-8&fbs=ADc_l-aN0CWEZBOHjofHoaMMDiKpFZYo9qIX3pM4_jubAu4b8BLCVR2Ov2eBOoXNgto4-ToeyMZfBfU1VupZsCIIgfYs618BJ0AYnz5F_zqAV52iWK2U7QfHNY_DwdnvO9tlw9gTL0MgXHoRXT1Kdh-sPwLmNnrJ0d-_smbXqaYUs7xH9GV5vHphQXLni8GDgqwTOJ7lRK3sAaQYeoDiQ-0aDgknCh5iOg&ved=2ahUKEwiNgMeI5veTAxX9K1kFHUJCMcsQ0NsOegQIAxAB&aep=10&ntc=1&cs=0&hl=en-US&biw=1280&bih=665.3333740234375&mstk=AUtExfCK8bs2Ei38aaMxN6Em7fYspeVjlx3IWax5zlfX0UdpdzKfSBv4UVH0XfEQmTdUGqVxwOXk61HyGc63gQm1_mpMrfqxa-UF5sswMxItPM7KKUmVEyJmQ2r516m7_tIX_FYKataseU_VSDy9qDfC7PaPhnnmqxeiQq-9JD4RwycNNV9x0DgsV6Rhf-vzGebx25c-QS_tzVUSCiNOFjIodo5lJrBBAlrX3JGe8COFtnha_NP1P7V2Sl3bgj9FC6ms4Kiv9dldWsLuUg&csuir=1&mtid=Zq7jaefxI9-g5NoP1-LTyA0&udm=50&chrome_task_id=035bfb90-9a93-466d-9503-678f72feb379
2026-04-18T12:16:55.152152,tab_focus,chrome://contextual-tasks/?q=is+the+gtech+physics+placement+test+hard&gs_lcrp=EgZjaHJvbWUqBwgBECEYoAEyBggAEEUYOTIHCAEQIRigATIHCAIQIRigATIHCAMQIRigATIHCAQQIRigATIHCAUQIRigATIHCAYQIRiPAjIHCAcQIRiPAtIBCDQ2OTlqMGo3qAIAsAIA&sourceid=chrome&ie=UTF-8&fbs=ADc_l-aN0CWEZBOHjofHoaMMDiKpFZYo9qIX3pM4_jubAu4b8BLCVR2Ov2eBOoXNgto4-ToeyMZfBfU1VupZsCIIgfYs618BJ0AYnz5F_zqAV52iWK2U7QfHNY_DwdnvO9tlw9gTL0MgXHoRXT1Kdh-sPwLmNnrJ0d-_smbXqaYUs7xH9GV5vHphQXLni8GDgqwTOJ7lRK3sAaQYeoDiQ-0aDgknCh5iOg&ved=2ahUKEwiNgMeI5veTAxX9K1kFHUJCMcsQ0NsOegQIAxAB&aep=10&ntc=1&cs=0&hl=en-US&biw=1280&bih=665.3333740234375&mstk=AUtExfCK8bs2Ei38aaMxN6Em7fYspeVjlx3IWax5zlfX0UdpdzKfSBv4UVH0XfEQmTdUGqVxwOXk61HyGc63gQm1_mpMrfqxa-UF5sswMxItPM7KKUmVEyJmQ2r516m7_tIX_FYKataseU_VSDy9qDfC7PaPhnnmqxeiQq-9JD4RwycNNV9x0DgsV6Rhf-vzGebx25c-QS_tzVUSCiNOFjIodo5lJrBBAlrX3JGe8COFtnha_NP1P7V2Sl3bgj9FC6ms4Kiv9dldWsLuUg&csuir=1&mtid=Zq7jaefxI9-g5NoP1-LTyA0&udm=50&chrome_task_id=035bfb90-9a93-466d-9503-678f72feb379
2026-04-18T12:16:55.156524,tab_focus,chrome://contextual-tasks/?q=is+the+gtech+physics+placement+test+hard&gs_lcrp=EgZjaHJvbWUqBwgBECEYoAEyBggAEEUYOTIHCAEQIRigATIHCAIQIRigATIHCAMQIRigATIHCAQQIRigATIHCAUQIRigATIHCAYQIRiPAjIHCAcQIRiPAtIBCDQ2OTlqMGo3qAIAsAIA&sourceid=chrome&ie=UTF-8&fbs=ADc_l-aN0CWEZBOHjofHoaMMDiKpFZYo9qIX3pM4_jubAu4b8BLCVR2Ov2eBOoXNgto4-ToeyMZfBfU1VupZsCIIgfYs618BJ0AYnz5F_zqAV52iWK2U7QfHNY_DwdnvO9tlw9gTL0MgXHoRXT1Kdh-sPwLmNnrJ0d-_smbXqaYUs7xH9GV5vHphQXLni8GDgqwTOJ7lRK3sAaQYeoDiQ-0aDgknCh5iOg&ved=2ahUKEwiNgMeI5veTAxX9K1kFHUJCMcsQ0NsOegQIAxAB&aep=10&ntc=1&cs=0&hl=en-US&biw=1280&bih=665.3333740234375&mstk=AUtExfCK8bs2Ei38aaMxN6Em7fYspeVjlx3IWax5zlfX0UdpdzKfSBv4UVH0XfEQmTdUGqVxwOXk61HyGc63gQm1_mpMrfqxa-UF5sswMxItPM7KKUmVEyJmQ2r516m7_tIX_FYKataseU_VSDy9qDfC7PaPhnnmqxeiQq-9JD4RwycNNV9x0DgsV6Rhf-vzGebx25c-QS_tzVUSCiNOFjIodo5lJrBBAlrX3JGe8COFtnha_NP1P7V2Sl3bgj9FC6ms4Kiv9dldWsLuUg&csuir=1&mtid=Zq7jaefxI9-g5NoP1-LTyA0&udm=50&chrome_task_id=035bfb90-9a93-466d-9503-678f72feb379
2026-04-18T12:16:55.158693,tab_focus,chrome://contextual-tasks/?q=is+the+gtech+physics+placement+test+hard&gs_lcrp=EgZjaHJvbWUqBwgBECEYoAEyBggAEEUYOTIHCAEQIRigATIHCAIQIRigATIHCAMQIRigATIHCAQQIRigATIHCAUQIRigATIHCAYQIRiPAjIHCAcQIRiPAtIBCDQ2OTlqMGo3qAIAsAIA&sourceid=chrome&ie=UTF-8&fbs=ADc_l-aN0CWEZBOHjofHoaMMDiKpFZYo9qIX3pM4_jubAu4b8BLCVR2Ov2eBOoXNgto4-ToeyMZfBfU1VupZsCIIgfYs618BJ0AYnz5F_zqAV52iWK2U7QfHNY_DwdnvO9tlw9gTL0MgXHoRXT1Kdh-sPwLmNnrJ0d-_smbXqaYUs7xH9GV5vHphQXLni8GDgqwTOJ7lRK3sAaQYeoDiQ-0aDgknCh5iOg&ved=2ahUKEwiNgMeI5veTAxX9K1kFHUJCMcsQ0NsOegQIAxAB&aep=10&ntc=1&cs=0&hl=en-US&biw=1280&bih=665.3333740234375&mstk=AUtExfCK8bs2Ei38aaMxN6Em7fYspeVjlx3IWax5zlfX0UdpdzKfSBv4UVH0XfEQmTdUGqVxwOXk61HyGc63gQm1_mpMrfqxa-UF5sswMxItPM7KKUmVEyJmQ2r516m7_tIX_FYKataseU_VSDy9qDfC7PaPhnnmqxeiQq-9JD4RwycNNV9x0DgsV6Rhf-vzGebx25c-QS_tzVUSCiNOFjIodo5lJrBBAlrX3JGe8COFtnha_NP1P7V2Sl3bgj9FC6ms4Kiv9dldWsLuUg&csuir=1&mtid=Zq7jaefxI9-g5NoP1-LTyA0&udm=50&chrome_task_id=035bfb90-9a93-466d-9503-678f72feb379
2026-04-18T12:17:07.198346,tab_focus,chrome://contextual-tasks/?q=is+the+gtech+physics+placement+test+hard&gs_lcrp=EgZjaHJvbWUqBwgBECEYoAEyBggAEEUYOTIHCAEQIRigATIHCAIQIRigATIHCAMQIRigATIHCAQQIRigATIHCAUQIRigATIHCAYQIRiPAjIHCAcQIRiPAtIBCDQ2OTlqMGo3qAIAsAIA&sourceid=chrome&ie=UTF-8&fbs=ADc_l-aN0CWEZBOHjofHoaMMDiKpFZYo9qIX3pM4_jubAu4b8BLCVR2Ov2eBOoXNgto4-ToeyMZfBfU1VupZsCIIgfYs618BJ0AYnz5F_zqAV52iWK2U7QfHNY_DwdnvO9tlw9gTL0MgXHoRXT1Kdh-sPwLmNnrJ0d-_smbXqaYUs7xH9GV5vHphQXLni8GDgqwTOJ7lRK3sAaQYeoDiQ-0aDgknCh5iOg&ved=2ahUKEwiNgMeI5veTAxX9K1kFHUJCMcsQ0NsOegQIAxAB&aep=10&ntc=1&cs=0&hl=en-US&biw=1280&bih=665.3333740234375&mstk=AUtExfCK8bs2Ei38aaMxN6Em7fYspeVjlx3IWax5zlfX0UdpdzKfSBv4UVH0XfEQmTdUGqVxwOXk61HyGc63gQm1_mpMrfqxa-UF5sswMxItPM7KKUmVEyJmQ2r516m7_tIX_FYKataseU_VSDy9qDfC7PaPhnnmqxeiQq-9JD4RwycNNV9x0DgsV6Rhf-vzGebx25c-QS_tzVUSCiNOFjIodo5lJrBBAlrX3JGe8COFtnha_NP1P7V2Sl3bgj9FC6ms4Kiv9dldWsLuUg&csuir=1&mtid=Zq7jaefxI9-g5NoP1-LTyA0&udm=50&chrome_task_id=035bfb90-9a93-466d-9503-678f72feb379
2026-04-18T12:17:11.540036,tab_focus,chrome://contextual-tasks/?q=is+the+gtech+physics+placement+test+hard&gs_lcrp=EgZjaHJvbWUqBwgBECEYoAEyBggAEEUYOTIHCAEQIRigATIHCAIQIRigATIHCAMQIRigATIHCAQQIRigATIHCAUQIRigATIHCAYQIRiPAjIHCAcQIRiPAtIBCDQ2OTlqMGo3qAIAsAIA&sourceid=chrome&ie=UTF-8&fbs=ADc_l-aN0CWEZBOHjofHoaMMDiKpFZYo9qIX3pM4_jubAu4b8BLCVR2Ov2eBOoXNgto4-ToeyMZfBfU1VupZsCIIgfYs618BJ0AYnz5F_zqAV52iWK2U7QfHNY_DwdnvO9tlw9gTL0MgXHoRXT1Kdh-sPwLmNnrJ0d-_smbXqaYUs7xH9GV5vHphQXLni8GDgqwTOJ7lRK3sAaQYeoDiQ-0aDgknCh5iOg&ved=2ahUKEwiNgMeI5veTAxX9K1kFHUJCMcsQ0NsOegQIAxAB&aep=10&ntc=1&cs=0&hl=en-US&biw=1280&bih=665.3333740234375&mstk=AUtExfC0SHTzjjLG50ZxQZJ3bTFxLUn942UKKxucXOT3qP6XxrbgXcCQ0iXXwej5MGt3wH6p1PbkJV_6LvvTTKtyU7fvk1CDGcDGsHA8fwiMnCQ__FLS1bxBd89ptPKsEtJvuxTH2_RvGbeMriARmT4ns3mSikL0F8JlMYm_ZhdDLIOuJe1PoqkQ9iLk3YX3ra3x6xGn4YEj7M46mXcy0obEwabu5jRlC0XvJiMw1Dk9wZWmSDCJpewejVtjeGB0g9M7GofubMErYKJFig&csuir=1&mtid=Zq7jaefxI9-g5NoP1-LTyA0&udm=50&chrome_task_id=035bfb90-9a93-466d-9503-678f72feb379
2026-04-18T12:17:11.561407,tab_focus,chrome://contextual-tasks/?q=is+the+gtech+physics+placement+test+hard&gs_lcrp=EgZjaHJvbWUqBwgBECEYoAEyBggAEEUYOTIHCAEQIRigATIHCAIQIRigATIHCAMQIRigATIHCAQQIRigATIHCAUQIRigATIHCAYQIRiPAjIHCAcQIRiPAtIBCDQ2OTlqMGo3qAIAsAIA&sourceid=chrome&ie=UTF-8&fbs=ADc_l-aN0CWEZBOHjofHoaMMDiKpFZYo9qIX3pM4_jubAu4b8BLCVR2Ov2eBOoXNgto4-ToeyMZfBfU1VupZsCIIgfYs618BJ0AYnz5F_zqAV52iWK2U7QfHNY_DwdnvO9tlw9gTL0MgXHoRXT1Kdh-sPwLmNnrJ0d-_smbXqaYUs7xH9GV5vHphQXLni8GDgqwTOJ7lRK3sAaQYeoDiQ-0aDgknCh5iOg&ved=2ahUKEwiNgMeI5veTAxX9K1kFHUJCMcsQ0NsOegQIAxAB&aep=10&ntc=1&cs=0&hl=en-US&biw=1280&bih=665.3333740234375&mstk=AUtExfC0SHTzjjLG50ZxQZJ3bTFxLUn942UKKxucXOT3qP6XxrbgXcCQ0iXXwej5MGt3wH6p1PbkJV_6LvvTTKtyU7fvk1CDGcDGsHA8fwiMnCQ__FLS1bxBd89ptPKsEtJvuxTH2_RvGbeMriARmT4ns3mSikL0F8JlMYm_ZhdDLIOuJe1PoqkQ9iLk3YX3ra3x6xGn4YEj7M46mXcy0obEwabu5jRlC0XvJiMw1Dk9wZWmSDCJpewejVtjeGB0g9M7GofubMErYKJFig&csuir=1&mtid=Zq7jaefxI9-g5NoP1-LTyA0&udm=50&chrome_task_id=035bfb90-9a93-466d-9503-678f72feb379
2026-04-18T12:17:11.592382,tab_focus,chrome://contextual-tasks/?q=is+the+gtech+physics+placement+test+hard&gs_lcrp=EgZjaHJvbWUqBwgBECEYoAEyBggAEEUYOTIHCAEQIRigATIHCAIQIRigATIHCAMQIRigATIHCAQQIRigATIHCAUQIRigATIHCAYQIRiPAjIHCAcQIRiPAtIBCDQ2OTlqMGo3qAIAsAIA&sourceid=chrome&ie=UTF-8&fbs=ADc_l-aN0CWEZBOHjofHoaMMDiKpFZYo9qIX3pM4_jubAu4b8BLCVR2Ov2eBOoXNgto4-ToeyMZfBfU1VupZsCIIgfYs618BJ0AYnz5F_zqAV52iWK2U7QfHNY_DwdnvO9tlw9gTL0MgXHoRXT1Kdh-sPwLmNnrJ0d-_smbXqaYUs7xH9GV5vHphQXLni8GDgqwTOJ7lRK3sAaQYeoDiQ-0aDgknCh5iOg&ved=2ahUKEwiNgMeI5veTAxX9K1kFHUJCMcsQ0NsOegQIAxAB&aep=10&ntc=1&cs=0&hl=en-US&biw=1280&bih=665.3333740234375&mstk=AUtExfC0SHTzjjLG50ZxQZJ3bTFxLUn942UKKxucXOT3qP6XxrbgXcCQ0iXXwej5MGt3wH6p1PbkJV_6LvvTTKtyU7fvk1CDGcDGsHA8fwiMnCQ__FLS1bxBd89ptPKsEtJvuxTH2_RvGbeMriARmT4ns3mSikL0F8JlMYm_ZhdDLIOuJe1PoqkQ9iLk3YX3ra3x6xGn4YEj7M46mXcy0obEwabu5jRlC0XvJiMw1Dk9wZWmSDCJpewejVtjeGB0g9M7GofubMErYKJFig&csuir=1&mtid=Zq7jaefxI9-g5NoP1-LTyA0&udm=50&chrome_task_id=035bfb90-9a93-466d-9503-678f72feb379
2026-04-18T12:17:11.593985,tab_focus,chrome://contextual-tasks/?q=is+the+gtech+physics+placement+test+hard&gs_lcrp=EgZjaHJvbWUqBwgBECEYoAEyBggAEEUYOTIHCAEQIRigATIHCAIQIRigATIHCAMQIRigATIHCAQQIRigATIHCAUQIRigATIHCAYQIRiPAjIHCAcQIRiPAtIBCDQ2OTlqMGo3qAIAsAIA&sourceid=chrome&ie=UTF-8&fbs=ADc_l-aN0CWEZBOHjofHoaMMDiKpFZYo9qIX3pM4_jubAu4b8BLCVR2Ov2eBOoXNgto4-ToeyMZfBfU1VupZsCIIgfYs618BJ0AYnz5F_zqAV52iWK2U7QfHNY_DwdnvO9tlw9gTL0MgXHoRXT1Kdh-sPwLmNnrJ0d-_smbXqaYUs7xH9GV5vHphQXLni8GDgqwTOJ7lRK3sAaQYeoDiQ-0aDgknCh5iOg&ved=2ahUKEwiNgMeI5veTAxX9K1kFHUJCMcsQ0NsOegQIAxAB&aep=10&ntc=1&cs=0&hl=en-US&biw=1280&bih=665.3333740234375&mstk=AUtExfC0SHTzjjLG50ZxQZJ3bTFxLUn942UKKxucXOT3qP6XxrbgXcCQ0iXXwej5MGt3wH6p1PbkJV_6LvvTTKtyU7fvk1CDGcDGsHA8fwiMnCQ__FLS1bxBd89ptPKsEtJvuxTH2_RvGbeMriARmT4ns3mSikL0F8JlMYm_ZhdDLIOuJe1PoqkQ9iLk3YX3ra3x6xGn4YEj7M46mXcy0obEwabu5jRlC0XvJiMw1Dk9wZWmSDCJpewejVtjeGB0g9M7GofubMErYKJFig&csuir=1&mtid=Zq7jaefxI9-g5NoP1-LTyA0&udm=50&chrome_task_id=035bfb90-9a93-466d-9503-678f72feb379
2026-04-18T12:17:11.640300,tab_focus,chrome://contextual-tasks/?q=is+the+gtech+physics+placement+test+hard&gs_lcrp=EgZjaHJvbWUqBwgBECEYoAEyBggAEEUYOTIHCAEQIRigATIHCAIQIRigATIHCAMQIRigATIHCAQQIRigATIHCAUQIRigATIHCAYQIRiPAjIHCAcQIRiPAtIBCDQ2OTlqMGo3qAIAsAIA&sourceid=chrome&ie=UTF-8&fbs=ADc_l-aN0CWEZBOHjofHoaMMDiKpFZYo9qIX3pM4_jubAu4b8BLCVR2Ov2eBOoXNgto4-ToeyMZfBfU1VupZsCIIgfYs618BJ0AYnz5F_zqAV52iWK2U7QfHNY_DwdnvO9tlw9gTL0MgXHoRXT1Kdh-sPwLmNnrJ0d-_smbXqaYUs7xH9GV5vHphQXLni8GDgqwTOJ7lRK3sAaQYeoDiQ-0aDgknCh5iOg&ved=2ahUKEwiNgMeI5veTAxX9K1kFHUJCMcsQ0NsOegQIAxAB&aep=10&ntc=1&cs=0&hl=en-US&biw=1280&bih=665.3333740234375&mstk=AUtExfC0SHTzjjLG50ZxQZJ3bTFxLUn942UKKxucXOT3qP6XxrbgXcCQ0iXXwej5MGt3wH6p1PbkJV_6LvvTTKtyU7fvk1CDGcDGsHA8fwiMnCQ__FLS1bxBd89ptPKsEtJvuxTH2_RvGbeMriARmT4ns3mSikL0F8JlMYm_ZhdDLIOuJe1PoqkQ9iLk3YX3ra3x6xGn4YEj7M46mXcy0obEwabu5jRlC0XvJiMw1Dk9wZWmSDCJpewejVtjeGB0g9M7GofubMErYKJFig&csuir=1&mtid=Zq7jaefxI9-g5NoP1-LTyA0&udm=50&chrome_task_id=035bfb90-9a93-466d-9503-678f72feb379
2026-04-18T12:17:11.642318,tab_focus,chrome://contextual-tasks/?q=is+the+gtech+physics+placement+test+hard&gs_lcrp=EgZjaHJvbWUqBwgBECEYoAEyBggAEEUYOTIHCAEQIRigATIHCAIQIRigATIHCAMQIRigATIHCAQQIRigATIHCAUQIRigATIHCAYQIRiPAjIHCAcQIRiPAtIBCDQ2OTlqMGo3qAIAsAIA&sourceid=chrome&ie=UTF-8&fbs=ADc_l-aN0CWEZBOHjofHoaMMDiKpFZYo9qIX3pM4_jubAu4b8BLCVR2Ov2eBOoXNgto4-ToeyMZfBfU1VupZsCIIgfYs618BJ0AYnz5F_zqAV52iWK2U7QfHNY_DwdnvO9tlw9gTL0MgXHoRXT1Kdh-sPwLmNnrJ0d-_smbXqaYUs7xH9GV5vHphQXLni8GDgqwTOJ7lRK3sAaQYeoDiQ-0aDgknCh5iOg&ved=2ahUKEwiNgMeI5veTAxX9K1kFHUJCMcsQ0NsOegQIAxAB&aep=10&ntc=1&cs=0&hl=en-US&biw=1280&bih=665.3333740234375&mstk=AUtExfDBLUVwYdp01B6W282R8WZwJkxnrLIyjOh7QmP4MICAfiJwY9N5ZYxCB1PVwcaT3IOmsWB3BiHKmDH4RgpgFSiait14voOG5swNq16eXsDtJJQeFyGZMaSay3TvLwA6XQbocLoAegYFmThhbqhsIhZM3hRF65V7K2pvsfq2nKutR6sFF_ALgy0eMpQGBx9JQpkvTU2pn7iJi_nseXWfnjV8GO7pHMwyDVNZYcFZr2tvD_YrnzFycsF2oyzkhVhrktazFtv9BRYaCw&csuir=1&mtid=Zq7jaefxI9-g5NoP1-LTyA0&udm=50&chrome_task_id=035bfb90-9a93-466d-9503-678f72feb379
2026-04-18T12:17:11.643526,tab_focus,chrome://contextual-tasks/?q=is+the+gtech+physics+placement+test+hard&gs_lcrp=EgZjaHJvbWUqBwgBECEYoAEyBggAEEUYOTIHCAEQIRigATIHCAIQIRigATIHCAMQIRigATIHCAQQIRigATIHCAUQIRigATIHCAYQIRiPAjIHCAcQIRiPAtIBCDQ2OTlqMGo3qAIAsAIA&sourceid=chrome&ie=UTF-8&fbs=ADc_l-aN0CWEZBOHjofHoaMMDiKpFZYo9qIX3pM4_jubAu4b8BLCVR2Ov2eBOoXNgto4-ToeyMZfBfU1VupZsCIIgfYs618BJ0AYnz5F_zqAV52iWK2U7QfHNY_DwdnvO9tlw9gTL0MgXHoRXT1Kdh-sPwLmNnrJ0d-_smbXqaYUs7xH9GV5vHphQXLni8GDgqwTOJ7lRK3sAaQYeoDiQ-0aDgknCh5iOg&ved=2ahUKEwiNgMeI5veTAxX9K1kFHUJCMcsQ0NsOegQIAxAB&aep=10&ntc=1&cs=0&hl=en-US&biw=1280&bih=665.3333740234375&mstk=AUtExfDBLUVwYdp01B6W282R8WZwJkxnrLIyjOh7QmP4MICAfiJwY9N5ZYxCB1PVwcaT3IOmsWB3BiHKmDH4RgpgFSiait14voOG5swNq16eXsDtJJQeFyGZMaSay3TvLwA6XQbocLoAegYFmThhbqhsIhZM3hRF65V7K2pvsfq2nKutR6sFF_ALgy0eMpQGBx9JQpkvTU2pn7iJi_nseXWfnjV8GO7pHMwyDVNZYcFZr2tvD_YrnzFycsF2oyzkhVhrktazFtv9BRYaCw&csuir=1&mtid=Zq7jaefxI9-g5NoP1-LTyA0&udm=50&chrome_task_id=035bfb90-9a93-466d-9503-678f72feb379
2026-04-18T12:17:11.652783,tab_focus,chrome://contextual-tasks/?q=is+the+gtech+physics+placement+test+hard&gs_lcrp=EgZjaHJvbWUqBwgBECEYoAEyBggAEEUYOTIHCAEQIRigATIHCAIQIRigATIHCAMQIRigATIHCAQQIRigATIHCAUQIRigATIHCAYQIRiPAjIHCAcQIRiPAtIBCDQ2OTlqMGo3qAIAsAIA&sourceid=chrome&ie=UTF-8&fbs=ADc_l-aN0CWEZBOHjofHoaMMDiKpFZYo9qIX3pM4_jubAu4b8BLCVR2Ov2eBOoXNgto4-ToeyMZfBfU1VupZsCIIgfYs618BJ0AYnz5F_zqAV52iWK2U7QfHNY_DwdnvO9tlw9gTL0MgXHoRXT1Kdh-sPwLmNnrJ0d-_smbXqaYUs7xH9GV5vHphQXLni8GDgqwTOJ7lRK3sAaQYeoDiQ-0aDgknCh5iOg&ved=2ahUKEwiNgMeI5veTAxX9K1kFHUJCMcsQ0NsOegQIAxAB&aep=10&ntc=1&cs=0&hl=en-US&biw=1280&bih=665.3333740234375&mstk=AUtExfDBLUVwYdp01B6W282R8WZwJkxnrLIyjOh7QmP4MICAfiJwY9N5ZYxCB1PVwcaT3IOmsWB3BiHKmDH4RgpgFSiait14voOG5swNq16eXsDtJJQeFyGZMaSay3TvLwA6XQbocLoAegYFmThhbqhsIhZM3hRF65V7K2pvsfq2nKutR6sFF_ALgy0eMpQGBx9JQpkvTU2pn7iJi_nseXWfnjV8GO7pHMwyDVNZYcFZr2tvD_YrnzFycsF2oyzkhVhrktazFtv9BRYaCw&csuir=1&mtid=Zq7jaefxI9-g5NoP1-LTyA0&udm=50&chrome_task_id=035bfb90-9a93-466d-9503-678f72feb379
2026-04-18T12:17:11.694395,tab_focus,chrome://contextual-tasks/?q=is+the+gtech+physics+placement+test+hard&gs_lcrp=EgZjaHJvbWUqBwgBECEYoAEyBggAEEUYOTIHCAEQIRigATIHCAIQIRigATIHCAMQIRigATIHCAQQIRigATIHCAUQIRigATIHCAYQIRiPAjIHCAcQIRiPAtIBCDQ2OTlqMGo3qAIAsAIA&sourceid=chrome&ie=UTF-8&fbs=ADc_l-aN0CWEZBOHjofHoaMMDiKpFZYo9qIX3pM4_jubAu4b8BLCVR2Ov2eBOoXNgto4-ToeyMZfBfU1VupZsCIIgfYs618BJ0AYnz5F_zqAV52iWK2U7QfHNY_DwdnvO9tlw9gTL0MgXHoRXT1Kdh-sPwLmNnrJ0d-_smbXqaYUs7xH9GV5vHphQXLni8GDgqwTOJ7lRK3sAaQYeoDiQ-0aDgknCh5iOg&ved=2ahUKEwiNgMeI5veTAxX9K1kFHUJCMcsQ0NsOegQIAxAB&aep=10&ntc=1&cs=0&hl=en-US&biw=1280&bih=665.3333740234375&mstk=AUtExfDBLUVwYdp01B6W282R8WZwJkxnrLIyjOh7QmP4MICAfiJwY9N5ZYxCB1PVwcaT3IOmsWB3BiHKmDH4RgpgFSiait14voOG5swNq16eXsDtJJQeFyGZMaSay3TvLwA6XQbocLoAegYFmThhbqhsIhZM3hRF65V7K2pvsfq2nKutR6sFF_ALgy0eMpQGBx9JQpkvTU2pn7iJi_nseXWfnjV8GO7pHMwyDVNZYcFZr2tvD_YrnzFycsF2oyzkhVhrktazFtv9BRYaCw&csuir=1&mtid=Zq7jaefxI9-g5NoP1-LTyA0&udm=50&chrome_task_id=035bfb90-9a93-466d-9503-678f72feb379
2026-04-18T12:17:11.860137,tab_focus,chrome://contextual-tasks/?q=is+the+gtech+physics+placement+test+hard&gs_lcrp=EgZjaHJvbWUqBwgBECEYoAEyBggAEEUYOTIHCAEQIRigATIHCAIQIRigATIHCAMQIRigATIHCAQQIRigATIHCAUQIRigATIHCAYQIRiPAjIHCAcQIRiPAtIBCDQ2OTlqMGo3qAIAsAIA&sourceid=chrome&ie=UTF-8&fbs=ADc_l-aN0CWEZBOHjofHoaMMDiKpFZYo9qIX3pM4_jubAu4b8BLCVR2Ov2eBOoXNgto4-ToeyMZfBfU1VupZsCIIgfYs618BJ0AYnz5F_zqAV52iWK2U7QfHNY_DwdnvO9tlw9gTL0MgXHoRXT1Kdh-sPwLmNnrJ0d-_smbXqaYUs7xH9GV5vHphQXLni8GDgqwTOJ7lRK3sAaQYeoDiQ-0aDgknCh5iOg&ved=2ahUKEwiNgMeI5veTAxX9K1kFHUJCMcsQ0NsOegQIAxAB&aep=10&ntc=1&cs=0&hl=en-US&biw=1280&bih=665.3333740234375&mstk=AUtExfDBLUVwYdp01B6W282R8WZwJkxnrLIyjOh7QmP4MICAfiJwY9N5ZYxCB1PVwcaT3IOmsWB3BiHKmDH4RgpgFSiait14voOG5swNq16eXsDtJJQeFyGZMaSay3TvLwA6XQbocLoAegYFmThhbqhsIhZM3hRF65V7K2pvsfq2nKutR6sFF_ALgy0eMpQGBx9JQpkvTU2pn7iJi_nseXWfnjV8GO7pHMwyDVNZYcFZr2tvD_YrnzFycsF2oyzkhVhrktazFtv9BRYaCw&csuir=1&mtid=Zq7jaefxI9-g5NoP1-LTyA0&udm=50&chrome_task_id=035bfb90-9a93-466d-9503-678f72feb379
2026-04-18T12:18:09.394851,tab_focus,chrome://contextual-tasks/?q=is+the+gtech+physics+placement+test+hard&gs_lcrp=EgZjaHJvbWUqBwgBECEYoAEyBggAEEUYOTIHCAEQIRigATIHCAIQIRigATIHCAMQIRigATIHCAQQIRigATIHCAUQIRigATIHCAYQIRiPAjIHCAcQIRiPAtIBCDQ2OTlqMGo3qAIAsAIA&sourceid=chrome&ie=UTF-8&fbs=ADc_l-aN0CWEZBOHjofHoaMMDiKpFZYo9qIX3pM4_jubAu4b8BLCVR2Ov2eBOoXNgto4-ToeyMZfBfU1VupZsCIIgfYs618BJ0AYnz5F_zqAV52iWK2U7QfHNY_DwdnvO9tlw9gTL0MgXHoRXT1Kdh-sPwLmNnrJ0d-_smbXqaYUs7xH9GV5vHphQXLni8GDgqwTOJ7lRK3sAaQYeoDiQ-0aDgknCh5iOg&ved=2ahUKEwiNgMeI5veTAxX9K1kFHUJCMcsQ0NsOegQIAxAB&aep=10&ntc=1&cs=0&hl=en-US&biw=1280&bih=665.3333740234375&mstk=AUtExfDBLUVwYdp01B6W282R8WZwJkxnrLIyjOh7QmP4MICAfiJwY9N5ZYxCB1PVwcaT3IOmsWB3BiHKmDH4RgpgFSiait14voOG5swNq16eXsDtJJQeFyGZMaSay3TvLwA6XQbocLoAegYFmThhbqhsIhZM3hRF65V7K2pvsfq2nKutR6sFF_ALgy0eMpQGBx9JQpkvTU2pn7iJi_nseXWfnjV8GO7pHMwyDVNZYcFZr2tvD_YrnzFycsF2oyzkhVhrktazFtv9BRYaCw&csuir=1&mtid=Zq7jaefxI9-g5NoP1-LTyA0&udm=50&chrome_task_id=035bfb90-9a93-466d-9503-678f72feb379
2026-04-18T12:18:14.644305,tab_focus,chrome://contextual-tasks/?q=is+the+gtech+physics+placement+test+hard&gs_lcrp=EgZjaHJvbWUqBwgBECEYoAEyBggAEEUYOTIHCAEQIRigATIHCAIQIRigATIHCAMQIRigATIHCAQQIRigATIHCAUQIRigATIHCAYQIRiPAjIHCAcQIRiPAtIBCDQ2OTlqMGo3qAIAsAIA&sourceid=chrome&ie=UTF-8&fbs=ADc_l-aN0CWEZBOHjofHoaMMDiKpFZYo9qIX3pM4_jubAu4b8BLCVR2Ov2eBOoXNgto4-ToeyMZfBfU1VupZsCIIgfYs618BJ0AYnz5F_zqAV52iWK2U7QfHNY_DwdnvO9tlw9gTL0MgXHoRXT1Kdh-sPwLmNnrJ0d-_smbXqaYUs7xH9GV5vHphQXLni8GDgqwTOJ7lRK3sAaQYeoDiQ-0aDgknCh5iOg&ved=2ahUKEwiNgMeI5veTAxX9K1kFHUJCMcsQ0NsOegQIAxAB&aep=10&ntc=1&cs=0&hl=en-US&biw=1280&bih=665.3333740234375&mstk=AUtExfAfXGfeLlDaynuiHecxSRdZWOFtVeruFCnYZv1gyYM1v1ZXLA9dE8Lq33RCwEkWEKLXBLdWqGTWw3uGgUvVX2Dp1P33JTXFmbK5Y37SIYyHFcmHI11PdRMrj1t9hIjMXgTpM53XcJDi6iuF_vzkTAIB3t_xOlu46Pg2FJZfHbey_3Y-rkdP_USjMaqpuoyBcNr0CPPvqlfcWU7qr87e8pbpijACm4wcbI5qTTYbjFCHGJMrxDpGiOyXmTSEBCtW8nbv4h2p2I4VBw&csuir=1&mtid=Zq7jaefxI9-g5NoP1-LTyA0&udm=50&chrome_task_id=035bfb90-9a93-466d-9503-678f72feb379
2026-04-18T12:18:14.655161,tab_focus,chrome://contextual-tasks/?q=is+the+gtech+physics+placement+test+hard&gs_lcrp=EgZjaHJvbWUqBwgBECEYoAEyBggAEEUYOTIHCAEQIRigATIHCAIQIRigATIHCAMQIRigATIHCAQQIRigATIHCAUQIRigATIHCAYQIRiPAjIHCAcQIRiPAtIBCDQ2OTlqMGo3qAIAsAIA&sourceid=chrome&ie=UTF-8&fbs=ADc_l-aN0CWEZBOHjofHoaMMDiKpFZYo9qIX3pM4_jubAu4b8BLCVR2Ov2eBOoXNgto4-ToeyMZfBfU1VupZsCIIgfYs618BJ0AYnz5F_zqAV52iWK2U7QfHNY_DwdnvO9tlw9gTL0MgXHoRXT1Kdh-sPwLmNnrJ0d-_smbXqaYUs7xH9GV5vHphQXLni8GDgqwTOJ7lRK3sAaQYeoDiQ-0aDgknCh5iOg&ved=2ahUKEwiNgMeI5veTAxX9K1kFHUJCMcsQ0NsOegQIAxAB&aep=10&ntc=1&cs=0&hl=en-US&biw=1280&bih=665.3333740234375&mstk=AUtExfAfXGfeLlDaynuiHecxSRdZWOFtVeruFCnYZv1gyYM1v1ZXLA9dE8Lq33RCwEkWEKLXBLdWqGTWw3uGgUvVX2Dp1P33JTXFmbK5Y37SIYyHFcmHI11PdRMrj1t9hIjMXgTpM53XcJDi6iuF_vzkTAIB3t_xOlu46Pg2FJZfHbey_3Y-rkdP_USjMaqpuoyBcNr0CPPvqlfcWU7qr87e8pbpijACm4wcbI5qTTYbjFCHGJMrxDpGiOyXmTSEBCtW8nbv4h2p2I4VBw&csuir=1&mtid=Zq7jaefxI9-g5NoP1-LTyA0&udm=50&chrome_task_id=035bfb90-9a93-466d-9503-678f72feb379
2026-04-18T12:18:14.656216,tab_focus,chrome://contextual-tasks/?q=is+the+gtech+physics+placement+test+hard&gs_lcrp=EgZjaHJvbWUqBwgBECEYoAEyBggAEEUYOTIHCAEQIRigATIHCAIQIRigATIHCAMQIRigATIHCAQQIRigATIHCAUQIRigATIHCAYQIRiPAjIHCAcQIRiPAtIBCDQ2OTlqMGo3qAIAsAIA&sourceid=chrome&ie=UTF-8&fbs=ADc_l-aN0CWEZBOHjofHoaMMDiKpFZYo9qIX3pM4_jubAu4b8BLCVR2Ov2eBOoXNgto4-ToeyMZfBfU1VupZsCIIgfYs618BJ0AYnz5F_zqAV52iWK2U7QfHNY_DwdnvO9tlw9gTL0MgXHoRXT1Kdh-sPwLmNnrJ0d-_smbXqaYUs7xH9GV5vHphQXLni8GDgqwTOJ7lRK3sAaQYeoDiQ-0aDgknCh5iOg&ved=2ahUKEwiNgMeI5veTAxX9K1kFHUJCMcsQ0NsOegQIAxAB&aep=10&ntc=1&cs=0&hl=en-US&biw=1280&bih=665.3333740234375&mstk=AUtExfAfXGfeLlDaynuiHecxSRdZWOFtVeruFCnYZv1gyYM1v1ZXLA9dE8Lq33RCwEkWEKLXBLdWqGTWw3uGgUvVX2Dp1P33JTXFmbK5Y37SIYyHFcmHI11PdRMrj1t9hIjMXgTpM53XcJDi6iuF_vzkTAIB3t_xOlu46Pg2FJZfHbey_3Y-rkdP_USjMaqpuoyBcNr0CPPvqlfcWU7qr87e8pbpijACm4wcbI5qTTYbjFCHGJMrxDpGiOyXmTSEBCtW8nbv4h2p2I4VBw&csuir=1&mtid=Zq7jaefxI9-g5NoP1-LTyA0&udm=50&chrome_task_id=035bfb90-9a93-466d-9503-678f72feb379
2026-04-18T12:18:14.657267,tab_focus,chrome://contextual-tasks/?q=is+the+gtech+physics+placement+test+hard&gs_lcrp=EgZjaHJvbWUqBwgBECEYoAEyBggAEEUYOTIHCAEQIRigATIHCAIQIRigATIHCAMQIRigATIHCAQQIRigATIHCAUQIRigATIHCAYQIRiPAjIHCAcQIRiPAtIBCDQ2OTlqMGo3qAIAsAIA&sourceid=chrome&ie=UTF-8&fbs=ADc_l-aN0CWEZBOHjofHoaMMDiKpFZYo9qIX3pM4_jubAu4b8BLCVR2Ov2eBOoXNgto4-ToeyMZfBfU1VupZsCIIgfYs618BJ0AYnz5F_zqAV52iWK2U7QfHNY_DwdnvO9tlw9gTL0MgXHoRXT1Kdh-sPwLmNnrJ0d-_smbXqaYUs7xH9GV5vHphQXLni8GDgqwTOJ7lRK3sAaQYeoDiQ-0aDgknCh5iOg&ved=2ahUKEwiNgMeI5veTAxX9K1kFHUJCMcsQ0NsOegQIAxAB&aep=10&ntc=1&cs=0&hl=en-US&biw=1280&bih=665.3333740234375&mstk=AUtExfAfXGfeLlDaynuiHecxSRdZWOFtVeruFCnYZv1gyYM1v1ZXLA9dE8Lq33RCwEkWEKLXBLdWqGTWw3uGgUvVX2Dp1P33JTXFmbK5Y37SIYyHFcmHI11PdRMrj1t9hIjMXgTpM53XcJDi6iuF_vzkTAIB3t_xOlu46Pg2FJZfHbey_3Y-rkdP_USjMaqpuoyBcNr0CPPvqlfcWU7qr87e8pbpijACm4wcbI5qTTYbjFCHGJMrxDpGiOyXmTSEBCtW8nbv4h2p2I4VBw&csuir=1&mtid=Zq7jaefxI9-g5NoP1-LTyA0&udm=50&chrome_task_id=035bfb90-9a93-466d-9503-678f72feb379
2026-04-18T12:18:14.658330,tab_focus,chrome://contextual-tasks/?q=is+the+gtech+physics+placement+test+hard&gs_lcrp=EgZjaHJvbWUqBwgBECEYoAEyBggAEEUYOTIHCAEQIRigATIHCAIQIRigATIHCAMQIRigATIHCAQQIRigATIHCAUQIRigATIHCAYQIRiPAjIHCAcQIRiPAtIBCDQ2OTlqMGo3qAIAsAIA&sourceid=chrome&ie=UTF-8&fbs=ADc_l-aN0CWEZBOHjofHoaMMDiKpFZYo9qIX3pM4_jubAu4b8BLCVR2Ov2eBOoXNgto4-ToeyMZfBfU1VupZsCIIgfYs618BJ0AYnz5F_zqAV52iWK2U7QfHNY_DwdnvO9tlw9gTL0MgXHoRXT1Kdh-sPwLmNnrJ0d-_smbXqaYUs7xH9GV5vHphQXLni8GDgqwTOJ7lRK3sAaQYeoDiQ-0aDgknCh5iOg&ved=2ahUKEwiNgMeI5veTAxX9K1kFHUJCMcsQ0NsOegQIAxAB&aep=10&ntc=1&cs=0&hl=en-US&biw=1280&bih=665.3333740234375&mstk=AUtExfAfXGfeLlDaynuiHecxSRdZWOFtVeruFCnYZv1gyYM1v1ZXLA9dE8Lq33RCwEkWEKLXBLdWqGTWw3uGgUvVX2Dp1P33JTXFmbK5Y37SIYyHFcmHI11PdRMrj1t9hIjMXgTpM53XcJDi6iuF_vzkTAIB3t_xOlu46Pg2FJZfHbey_3Y-rkdP_USjMaqpuoyBcNr0CPPvqlfcWU7qr87e8pbpijACm4wcbI5qTTYbjFCHGJMrxDpGiOyXmTSEBCtW8nbv4h2p2I4VBw&csuir=1&mtid=Zq7jaefxI9-g5NoP1-LTyA0&udm=50&chrome_task_id=035bfb90-9a93-466d-9503-678f72feb379
2026-04-18T12:18:14.695165,tab_focus,chrome://contextual-tasks/?q=is+the+gtech+physics+placement+test+hard&gs_lcrp=EgZjaHJvbWUqBwgBECEYoAEyBggAEEUYOTIHCAEQIRigATIHCAIQIRigATIHCAMQIRigATIHCAQQIRigATIHCAUQIRigATIHCAYQIRiPAjIHCAcQIRiPAtIBCDQ2OTlqMGo3qAIAsAIA&sourceid=chrome&ie=UTF-8&fbs=ADc_l-aN0CWEZBOHjofHoaMMDiKpFZYo9qIX3pM4_jubAu4b8BLCVR2Ov2eBOoXNgto4-ToeyMZfBfU1VupZsCIIgfYs618BJ0AYnz5F_zqAV52iWK2U7QfHNY_DwdnvO9tlw9gTL0MgXHoRXT1Kdh-sPwLmNnrJ0d-_smbXqaYUs7xH9GV5vHphQXLni8GDgqwTOJ7lRK3sAaQYeoDiQ-0aDgknCh5iOg&ved=2ahUKEwiNgMeI5veTAxX9K1kFHUJCMcsQ0NsOegQIAxAB&aep=10&ntc=1&cs=0&hl=en-US&biw=1280&bih=665.3333740234375&mstk=AUtExfAfXGfeLlDaynuiHecxSRdZWOFtVeruFCnYZv1gyYM1v1ZXLA9dE8Lq33RCwEkWEKLXBLdWqGTWw3uGgUvVX2Dp1P33JTXFmbK5Y37SIYyHFcmHI11PdRMrj1t9hIjMXgTpM53XcJDi6iuF_vzkTAIB3t_xOlu46Pg2FJZfHbey_3Y-rkdP_USjMaqpuoyBcNr0CPPvqlfcWU7qr87e8pbpijACm4wcbI5qTTYbjFCHGJMrxDpGiOyXmTSEBCtW8nbv4h2p2I4VBw&csuir=1&mtid=Zq7jaefxI9-g5NoP1-LTyA0&udm=50&chrome_task_id=035bfb90-9a93-466d-9503-678f72feb379
2026-04-18T12:18:14.704497,tab_focus,chrome://contextual-tasks/?q=is+the+gtech+physics+placement+test+hard&gs_lcrp=EgZjaHJvbWUqBwgBECEYoAEyBggAEEUYOTIHCAEQIRigATIHCAIQIRigATIHCAMQIRigATIHCAQQIRigATIHCAUQIRigATIHCAYQIRiPAjIHCAcQIRiPAtIBCDQ2OTlqMGo3qAIAsAIA&sourceid=chrome&ie=UTF-8&fbs=ADc_l-aN0CWEZBOHjofHoaMMDiKpFZYo9qIX3pM4_jubAu4b8BLCVR2Ov2eBOoXNgto4-ToeyMZfBfU1VupZsCIIgfYs618BJ0AYnz5F_zqAV52iWK2U7QfHNY_DwdnvO9tlw9gTL0MgXHoRXT1Kdh-sPwLmNnrJ0d-_smbXqaYUs7xH9GV5vHphQXLni8GDgqwTOJ7lRK3sAaQYeoDiQ-0aDgknCh5iOg&ved=2ahUKEwiNgMeI5veTAxX9K1kFHUJCMcsQ0NsOegQIAxAB&aep=10&ntc=1&cs=0&hl=en-US&biw=1280&bih=665.3333740234375&mstk=AUtExfAfXGfeLlDaynuiHecxSRdZWOFtVeruFCnYZv1gyYM1v1ZXLA9dE8Lq33RCwEkWEKLXBLdWqGTWw3uGgUvVX2Dp1P33JTXFmbK5Y37SIYyHFcmHI11PdRMrj1t9hIjMXgTpM53XcJDi6iuF_vzkTAIB3t_xOlu46Pg2FJZfHbey_3Y-rkdP_USjMaqpuoyBcNr0CPPvqlfcWU7qr87e8pbpijACm4wcbI5qTTYbjFCHGJMrxDpGiOyXmTSEBCtW8nbv4h2p2I4VBw&csuir=1&mtid=Zq7jaefxI9-g5NoP1-LTyA0&udm=50&chrome_task_id=035bfb90-9a93-466d-9503-678f72feb379
2026-04-18T12:18:14.701229,tab_focus,chrome://contextual-tasks/?q=is+the+gtech+physics+placement+test+hard&gs_lcrp=EgZjaHJvbWUqBwgBECEYoAEyBggAEEUYOTIHCAEQIRigATIHCAIQIRigATIHCAMQIRigATIHCAQQIRigATIHCAUQIRigATIHCAYQIRiPAjIHCAcQIRiPAtIBCDQ2OTlqMGo3qAIAsAIA&sourceid=chrome&ie=UTF-8&fbs=ADc_l-aN0CWEZBOHjofHoaMMDiKpFZYo9qIX3pM4_jubAu4b8BLCVR2Ov2eBOoXNgto4-ToeyMZfBfU1VupZsCIIgfYs618BJ0AYnz5F_zqAV52iWK2U7QfHNY_DwdnvO9tlw9gTL0MgXHoRXT1Kdh-sPwLmNnrJ0d-_smbXqaYUs7xH9GV5vHphQXLni8GDgqwTOJ7lRK3sAaQYeoDiQ-0aDgknCh5iOg&ved=2ahUKEwiNgMeI5veTAxX9K1kFHUJCMcsQ0NsOegQIAxAB&aep=10&ntc=1&cs=0&hl=en-US&biw=1280&bih=665.3333740234375&mstk=AUtExfAfXGfeLlDaynuiHecxSRdZWOFtVeruFCnYZv1gyYM1v1ZXLA9dE8Lq33RCwEkWEKLXBLdWqGTWw3uGgUvVX2Dp1P33JTXFmbK5Y37SIYyHFcmHI11PdRMrj1t9hIjMXgTpM53XcJDi6iuF_vzkTAIB3t_xOlu46Pg2FJZfHbey_3Y-rkdP_USjMaqpuoyBcNr0CPPvqlfcWU7qr87e8pbpijACm4wcbI5qTTYbjFCHGJMrxDpGiOyXmTSEBCtW8nbv4h2p2I4VBw&csuir=1&mtid=Zq7jaefxI9-g5NoP1-LTyA0&udm=50&chrome_task_id=035bfb90-9a93-466d-9503-678f72feb379
2026-04-18T12:20:26.366439,tab_focus,chrome://contextual-tasks/?q=is+the+gtech+physics+placement+test+hard&gs_lcrp=EgZjaHJvbWUqBwgBECEYoAEyBggAEEUYOTIHCAEQIRigATIHCAIQIRigATIHCAMQIRigATIHCAQQIRigATIHCAUQIRigATIHCAYQIRiPAjIHCAcQIRiPAtIBCDQ2OTlqMGo3qAIAsAIA&sourceid=chrome&ie=UTF-8&fbs=ADc_l-aN0CWEZBOHjofHoaMMDiKpFZYo9qIX3pM4_jubAu4b8BLCVR2Ov2eBOoXNgto4-ToeyMZfBfU1VupZsCIIgfYs618BJ0AYnz5F_zqAV52iWK2U7QfHNY_DwdnvO9tlw9gTL0MgXHoRXT1Kdh-sPwLmNnrJ0d-_smbXqaYUs7xH9GV5vHphQXLni8GDgqwTOJ7lRK3sAaQYeoDiQ-0aDgknCh5iOg&ved=2ahUKEwiNgMeI5veTAxX9K1kFHUJCMcsQ0NsOegQIAxAB&aep=10&ntc=1&cs=0&hl=en-US&biw=1280&bih=665.3333740234375&mstk=AUtExfAfXGfeLlDaynuiHecxSRdZWOFtVeruFCnYZv1gyYM1v1ZXLA9dE8Lq33RCwEkWEKLXBLdWqGTWw3uGgUvVX2Dp1P33JTXFmbK5Y37SIYyHFcmHI11PdRMrj1t9hIjMXgTpM53XcJDi6iuF_vzkTAIB3t_xOlu46Pg2FJZfHbey_3Y-rkdP_USjMaqpuoyBcNr0CPPvqlfcWU7qr87e8pbpijACm4wcbI5qTTYbjFCHGJMrxDpGiOyXmTSEBCtW8nbv4h2p2I4VBw&csuir=1&mtid=Zq7jaefxI9-g5NoP1-LTyA0&udm=50&chrome_task_id=035bfb90-9a93-466d-9503-678f72feb379
2026-04-18T12:20:32.575908,tab_focus,chrome://contextual-tasks/?q=is+the+gtech+physics+placement+test+hard&gs_lcrp=EgZjaHJvbWUqBwgBECEYoAEyBggAEEUYOTIHCAEQIRigATIHCAIQIRigATIHCAMQIRigATIHCAQQIRigATIHCAUQIRigATIHCAYQIRiPAjIHCAcQIRiPAtIBCDQ2OTlqMGo3qAIAsAIA&sourceid=chrome&ie=UTF-8&fbs=ADc_l-aN0CWEZBOHjofHoaMMDiKpFZYo9qIX3pM4_jubAu4b8BLCVR2Ov2eBOoXNgto4-ToeyMZfBfU1VupZsCIIgfYs618BJ0AYnz5F_zqAV52iWK2U7QfHNY_DwdnvO9tlw9gTL0MgXHoRXT1Kdh-sPwLmNnrJ0d-_smbXqaYUs7xH9GV5vHphQXLni8GDgqwTOJ7lRK3sAaQYeoDiQ-0aDgknCh5iOg&ved=2ahUKEwiNgMeI5veTAxX9K1kFHUJCMcsQ0NsOegQIAxAB&aep=10&ntc=1&cs=0&hl=en-US&biw=1280&bih=665.3333740234375&mstk=AUtExfCNjwEZZzZtEiAhtr1tIjyTfbEhhwIitp32L1EQ0zPnIOz8rsh-xzMnQFXlln8-RCVzvGebakbKJkc22TfjBnUE7qzKL6r1U1mTrrUEMPiauZa9tNdBcRcKDx1n8LUkGgkM9MkHH73W8cqYyujjvRG6PfCpxBwO8jLwOILygWOwAOEzuzVbgR9csVeRmDpJ7CbyYv-94pALxZ3Y6FrPfRzz1muDwlteUAFmlHOudErUpaFBT9oWm1_KI-sghEfkBMFFQCgxUFdULg&csuir=1&mtid=Zq7jaefxI9-g5NoP1-LTyA0&udm=50&chrome_task_id=035bfb90-9a93-466d-9503-678f72feb379
2026-04-18T12:20:32.634442,tab_focus,chrome://contextual-tasks/?q=is+the+gtech+physics+placement+test+hard&gs_lcrp=EgZjaHJvbWUqBwgBECEYoAEyBggAEEUYOTIHCAEQIRigATIHCAIQIRigATIHCAMQIRigATIHCAQQIRigATIHCAUQIRigATIHCAYQIRiPAjIHCAcQIRiPAtIBCDQ2OTlqMGo3qAIAsAIA&sourceid=chrome&ie=UTF-8&fbs=ADc_l-aN0CWEZBOHjofHoaMMDiKpFZYo9qIX3pM4_jubAu4b8BLCVR2Ov2eBOoXNgto4-ToeyMZfBfU1VupZsCIIgfYs618BJ0AYnz5F_zqAV52iWK2U7QfHNY_DwdnvO9tlw9gTL0MgXHoRXT1Kdh-sPwLmNnrJ0d-_smbXqaYUs7xH9GV5vHphQXLni8GDgqwTOJ7lRK3sAaQYeoDiQ-0aDgknCh5iOg&ved=2ahUKEwiNgMeI5veTAxX9K1kFHUJCMcsQ0NsOegQIAxAB&aep=10&ntc=1&cs=0&hl=en-US&biw=1280&bih=665.3333740234375&mstk=AUtExfCNjwEZZzZtEiAhtr1tIjyTfbEhhwIitp32L1EQ0zPnIOz8rsh-xzMnQFXlln8-RCVzvGebakbKJkc22TfjBnUE7qzKL6r1U1mTrrUEMPiauZa9tNdBcRcKDx1n8LUkGgkM9MkHH73W8cqYyujjvRG6PfCpxBwO8jLwOILygWOwAOEzuzVbgR9csVeRmDpJ7CbyYv-94pALxZ3Y6FrPfRzz1muDwlteUAFmlHOudErUpaFBT9oWm1_KI-sghEfkBMFFQCgxUFdULg&csuir=1&mtid=Zq7jaefxI9-g5NoP1-LTyA0&udm=50&chrome_task_id=035bfb90-9a93-466d-9503-678f72feb379
2026-04-18T12:20:32.658111,tab_focus,chrome://contextual-tasks/?q=is+the+gtech+physics+placement+test+hard&gs_lcrp=EgZjaHJvbWUqBwgBECEYoAEyBggAEEUYOTIHCAEQIRigATIHCAIQIRigATIHCAMQIRigATIHCAQQIRigATIHCAUQIRigATIHCAYQIRiPAjIHCAcQIRiPAtIBCDQ2OTlqMGo3qAIAsAIA&sourceid=chrome&ie=UTF-8&fbs=ADc_l-aN0CWEZBOHjofHoaMMDiKpFZYo9qIX3pM4_jubAu4b8BLCVR2Ov2eBOoXNgto4-ToeyMZfBfU1VupZsCIIgfYs618BJ0AYnz5F_zqAV52iWK2U7QfHNY_DwdnvO9tlw9gTL0MgXHoRXT1Kdh-sPwLmNnrJ0d-_smbXqaYUs7xH9GV5vHphQXLni8GDgqwTOJ7lRK3sAaQYeoDiQ-0aDgknCh5iOg&ved=2ahUKEwiNgMeI5veTAxX9K1kFHUJCMcsQ0NsOegQIAxAB&aep=10&ntc=1&cs=0&hl=en-US&biw=1280&bih=665.3333740234375&mstk=AUtExfCNjwEZZzZtEiAhtr1tIjyTfbEhhwIitp32L1EQ0zPnIOz8rsh-xzMnQFXlln8-RCVzvGebakbKJkc22TfjBnUE7qzKL6r1U1mTrrUEMPiauZa9tNdBcRcKDx1n8LUkGgkM9MkHH73W8cqYyujjvRG6PfCpxBwO8jLwOILygWOwAOEzuzVbgR9csVeRmDpJ7CbyYv-94pALxZ3Y6FrPfRzz1muDwlteUAFmlHOudErUpaFBT9oWm1_KI-sghEfkBMFFQCgxUFdULg&csuir=1&mtid=Zq7jaefxI9-g5NoP1-LTyA0&udm=50&chrome_task_id=035bfb90-9a93-466d-9503-678f72feb379
2026-04-18T12:20:32.666637,tab_focus,chrome://contextual-tasks/?q=is+the+gtech+physics+placement+test+hard&gs_lcrp=EgZjaHJvbWUqBwgBECEYoAEyBggAEEUYOTIHCAEQIRigATIHCAIQIRigATIHCAMQIRigATIHCAQQIRigATIHCAUQIRigATIHCAYQIRiPAjIHCAcQIRiPAtIBCDQ2OTlqMGo3qAIAsAIA&sourceid=chrome&ie=UTF-8&fbs=ADc_l-aN0CWEZBOHjofHoaMMDiKpFZYo9qIX3pM4_jubAu4b8BLCVR2Ov2eBOoXNgto4-ToeyMZfBfU1VupZsCIIgfYs618BJ0AYnz5F_zqAV52iWK2U7QfHNY_DwdnvO9tlw9gTL0MgXHoRXT1Kdh-sPwLmNnrJ0d-_smbXqaYUs7xH9GV5vHphQXLni8GDgqwTOJ7lRK3sAaQYeoDiQ-0aDgknCh5iOg&ved=2ahUKEwiNgMeI5veTAxX9K1kFHUJCMcsQ0NsOegQIAxAB&aep=10&ntc=1&cs=0&hl=en-US&biw=1280&bih=665.3333740234375&mstk=AUtExfBssMPhpqUhESM7DQWT-Ap4fQX0W0LJxM3CG122o1OwsQiXAbN79eCveviGDFhYFkJ9BAQpPXEWK-m--G99uoWY3EyOVuEAglB9BQlNlVAb2fQHIklxCKaNaMUVbnkYyV8_WsNoyeLOfPj2S5hed1C7mZROBy6dlnSGKG3Q3ypbpX_IyJ-GqJZ3FK5p9KoGfB_OgIVthr_5dodDOENy_tsV9-RX_nI_m5AXK3IG_cE2fHcgfX6kjHtv8IDdSEXIGv5Bnpy3MomlXQ&csuir=1&mtid=Zq7jaefxI9-g5NoP1-LTyA0&udm=50&chrome_task_id=035bfb90-9a93-466d-9503-678f72feb379
2026-04-18T12:20:32.668256,tab_focus,chrome://contextual-tasks/?q=is+the+gtech+physics+placement+test+hard&gs_lcrp=EgZjaHJvbWUqBwgBECEYoAEyBggAEEUYOTIHCAEQIRigATIHCAIQIRigATIHCAMQIRigATIHCAQQIRigATIHCAUQIRigATIHCAYQIRiPAjIHCAcQIRiPAtIBCDQ2OTlqMGo3qAIAsAIA&sourceid=chrome&ie=UTF-8&fbs=ADc_l-aN0CWEZBOHjofHoaMMDiKpFZYo9qIX3pM4_jubAu4b8BLCVR2Ov2eBOoXNgto4-ToeyMZfBfU1VupZsCIIgfYs618BJ0AYnz5F_zqAV52iWK2U7QfHNY_DwdnvO9tlw9gTL0MgXHoRXT1Kdh-sPwLmNnrJ0d-_smbXqaYUs7xH9GV5vHphQXLni8GDgqwTOJ7lRK3sAaQYeoDiQ-0aDgknCh5iOg&ved=2ahUKEwiNgMeI5veTAxX9K1kFHUJCMcsQ0NsOegQIAxAB&aep=10&ntc=1&cs=0&hl=en-US&biw=1280&bih=665.3333740234375&mstk=AUtExfBssMPhpqUhESM7DQWT-Ap4fQX0W0LJxM3CG122o1OwsQiXAbN79eCveviGDFhYFkJ9BAQpPXEWK-m--G99uoWY3EyOVuEAglB9BQlNlVAb2fQHIklxCKaNaMUVbnkYyV8_WsNoyeLOfPj2S5hed1C7mZROBy6dlnSGKG3Q3ypbpX_IyJ-GqJZ3FK5p9KoGfB_OgIVthr_5dodDOENy_tsV9-RX_nI_m5AXK3IG_cE2fHcgfX6kjHtv8IDdSEXIGv5Bnpy3MomlXQ&csuir=1&mtid=Zq7jaefxI9-g5NoP1-LTyA0&udm=50&chrome_task_id=035bfb90-9a93-466d-9503-678f72feb379
2026-04-18T12:20:32.667714,tab_focus,chrome://contextual-tasks/?q=is+the+gtech+physics+placement+test+hard&gs_lcrp=EgZjaHJvbWUqBwgBECEYoAEyBggAEEUYOTIHCAEQIRigATIHCAIQIRigATIHCAMQIRigATIHCAQQIRigATIHCAUQIRigATIHCAYQIRiPAjIHCAcQIRiPAtIBCDQ2OTlqMGo3qAIAsAIA&sourceid=chrome&ie=UTF-8&fbs=ADc_l-aN0CWEZBOHjofHoaMMDiKpFZYo9qIX3pM4_jubAu4b8BLCVR2Ov2eBOoXNgto4-ToeyMZfBfU1VupZsCIIgfYs618BJ0AYnz5F_zqAV52iWK2U7QfHNY_DwdnvO9tlw9gTL0MgXHoRXT1Kdh-sPwLmNnrJ0d-_smbXqaYUs7xH9GV5vHphQXLni8GDgqwTOJ7lRK3sAaQYeoDiQ-0aDgknCh5iOg&ved=2ahUKEwiNgMeI5veTAxX9K1kFHUJCMcsQ0NsOegQIAxAB&aep=10&ntc=1&cs=0&hl=en-US&biw=1280&bih=665.3333740234375&mstk=AUtExfBssMPhpqUhESM7DQWT-Ap4fQX0W0LJxM3CG122o1OwsQiXAbN79eCveviGDFhYFkJ9BAQpPXEWK-m--G99uoWY3EyOVuEAglB9BQlNlVAb2fQHIklxCKaNaMUVbnkYyV8_WsNoyeLOfPj2S5hed1C7mZROBy6dlnSGKG3Q3ypbpX_IyJ-GqJZ3FK5p9KoGfB_OgIVthr_5dodDOENy_tsV9-RX_nI_m5AXK3IG_cE2fHcgfX6kjHtv8IDdSEXIGv5Bnpy3MomlXQ&csuir=1&mtid=Zq7jaefxI9-g5NoP1-LTyA0&udm=50&chrome_task_id=035bfb90-9a93-466d-9503-678f72feb379
2026-04-18T12:20:32.668810,tab_focus,chrome://contextual-tasks/?q=is+the+gtech+physics+placement+test+hard&gs_lcrp=EgZjaHJvbWUqBwgBECEYoAEyBggAEEUYOTIHCAEQIRigATIHCAIQIRigATIHCAMQIRigATIHCAQQIRigATIHCAUQIRigATIHCAYQIRiPAjIHCAcQIRiPAtIBCDQ2OTlqMGo3qAIAsAIA&sourceid=chrome&ie=UTF-8&fbs=ADc_l-aN0CWEZBOHjofHoaMMDiKpFZYo9qIX3pM4_jubAu4b8BLCVR2Ov2eBOoXNgto4-ToeyMZfBfU1VupZsCIIgfYs618BJ0AYnz5F_zqAV52iWK2U7QfHNY_DwdnvO9tlw9gTL0MgXHoRXT1Kdh-sPwLmNnrJ0d-_smbXqaYUs7xH9GV5vHphQXLni8GDgqwTOJ7lRK3sAaQYeoDiQ-0aDgknCh5iOg&ved=2ahUKEwiNgMeI5veTAxX9K1kFHUJCMcsQ0NsOegQIAxAB&aep=10&ntc=1&cs=0&hl=en-US&biw=1280&bih=665.3333740234375&mstk=AUtExfBssMPhpqUhESM7DQWT-Ap4fQX0W0LJxM3CG122o1OwsQiXAbN79eCveviGDFhYFkJ9BAQpPXEWK-m--G99uoWY3EyOVuEAglB9BQlNlVAb2fQHIklxCKaNaMUVbnkYyV8_WsNoyeLOfPj2S5hed1C7mZROBy6dlnSGKG3Q3ypbpX_IyJ-GqJZ3FK5p9KoGfB_OgIVthr_5dodDOENy_tsV9-RX_nI_m5AXK3IG_cE2fHcgfX6kjHtv8IDdSEXIGv5Bnpy3MomlXQ&csuir=1&mtid=Zq7jaefxI9-g5NoP1-LTyA0&udm=50&chrome_task_id=035bfb90-9a93-466d-9503-678f72feb379
2026-04-18T12:20:32.669888,tab_focus,chrome://contextual-tasks/?q=is+the+gtech+physics+placement+test+hard&gs_lcrp=EgZjaHJvbWUqBwgBECEYoAEyBggAEEUYOTIHCAEQIRigATIHCAIQIRigATIHCAMQIRigATIHCAQQIRigATIHCAUQIRigATIHCAYQIRiPAjIHCAcQIRiPAtIBCDQ2OTlqMGo3qAIAsAIA&sourceid=chrome&ie=UTF-8&fbs=ADc_l-aN0CWEZBOHjofHoaMMDiKpFZYo9qIX3pM4_jubAu4b8BLCVR2Ov2eBOoXNgto4-ToeyMZfBfU1VupZsCIIgfYs618BJ0AYnz5F_zqAV52iWK2U7QfHNY_DwdnvO9tlw9gTL0MgXHoRXT1Kdh-sPwLmNnrJ0d-_smbXqaYUs7xH9GV5vHphQXLni8GDgqwTOJ7lRK3sAaQYeoDiQ-0aDgknCh5iOg&ved=2ahUKEwiNgMeI5veTAxX9K1kFHUJCMcsQ0NsOegQIAxAB&aep=10&ntc=1&cs=0&hl=en-US&biw=1280&bih=665.3333740234375&mstk=AUtExfBssMPhpqUhESM7DQWT-Ap4fQX0W0LJxM3CG122o1OwsQiXAbN79eCveviGDFhYFkJ9BAQpPXEWK-m--G99uoWY3EyOVuEAglB9BQlNlVAb2fQHIklxCKaNaMUVbnkYyV8_WsNoyeLOfPj2S5hed1C7mZROBy6dlnSGKG3Q3ypbpX_IyJ-GqJZ3FK5p9KoGfB_OgIVthr_5dodDOENy_tsV9-RX_nI_m5AXK3IG_cE2fHcgfX6kjHtv8IDdSEXIGv5Bnpy3MomlXQ&csuir=1&mtid=Zq7jaefxI9-g5NoP1-LTyA0&udm=50&chrome_task_id=035bfb90-9a93-466d-9503-678f72feb379
2026-04-18T12:20:32.677595,tab_focus,chrome://contextual-tasks/?q=is+the+gtech+physics+placement+test+hard&gs_lcrp=EgZjaHJvbWUqBwgBECEYoAEyBggAEEUYOTIHCAEQIRigATIHCAIQIRigATIHCAMQIRigATIHCAQQIRigATIHCAUQIRigATIHCAYQIRiPAjIHCAcQIRiPAtIBCDQ2OTlqMGo3qAIAsAIA&sourceid=chrome&ie=UTF-8&fbs=ADc_l-aN0CWEZBOHjofHoaMMDiKpFZYo9qIX3pM4_jubAu4b8BLCVR2Ov2eBOoXNgto4-ToeyMZfBfU1VupZsCIIgfYs618BJ0AYnz5F_zqAV52iWK2U7QfHNY_DwdnvO9tlw9gTL0MgXHoRXT1Kdh-sPwLmNnrJ0d-_smbXqaYUs7xH9GV5vHphQXLni8GDgqwTOJ7lRK3sAaQYeoDiQ-0aDgknCh5iOg&ved=2ahUKEwiNgMeI5veTAxX9K1kFHUJCMcsQ0NsOegQIAxAB&aep=10&ntc=1&cs=0&hl=en-US&biw=1280&bih=665.3333740234375&mstk=AUtExfCjIrT2HlyYrGP7e5D1hRnIt4SJXOOJc0owJ7YF2xyL_3klb-hheOvmLVHS_CORGY1rGebG2hCZxuTRO6k3ppvUC8vFuzPCIRPotMa76fSIA663BWJPjrshyz1kkmQGvDk5TtD4Ye_TdhdM6teVxLJQlNz8AsDrGwyfReBs7hHXMf--F4EIipTPlnZkC4SvcUDH-Q37D3BgYlHX73F_gO6dxdPai115mNNXVDRn-gMxhK8P3mTXdRxl_MFOy22MT2PVjObKn93FCg&csuir=1&mtid=Zq7jaefxI9-g5NoP1-LTyA0&udm=50&chrome_task_id=035bfb90-9a93-466d-9503-678f72feb379
2026-04-18T12:20:32.680359,tab_focus,chrome://contextual-tasks/?q=is+the+gtech+physics+placement+test+hard&gs_lcrp=EgZjaHJvbWUqBwgBECEYoAEyBggAEEUYOTIHCAEQIRigATIHCAIQIRigATIHCAMQIRigATIHCAQQIRigATIHCAUQIRigATIHCAYQIRiPAjIHCAcQIRiPAtIBCDQ2OTlqMGo3qAIAsAIA&sourceid=chrome&ie=UTF-8&fbs=ADc_l-aN0CWEZBOHjofHoaMMDiKpFZYo9qIX3pM4_jubAu4b8BLCVR2Ov2eBOoXNgto4-ToeyMZfBfU1VupZsCIIgfYs618BJ0AYnz5F_zqAV52iWK2U7QfHNY_DwdnvO9tlw9gTL0MgXHoRXT1Kdh-sPwLmNnrJ0d-_smbXqaYUs7xH9GV5vHphQXLni8GDgqwTOJ7lRK3sAaQYeoDiQ-0aDgknCh5iOg&ved=2ahUKEwiNgMeI5veTAxX9K1kFHUJCMcsQ0NsOegQIAxAB&aep=10&ntc=1&cs=0&hl=en-US&biw=1280&bih=665.3333740234375&mstk=AUtExfCjIrT2HlyYrGP7e5D1hRnIt4SJXOOJc0owJ7YF2xyL_3klb-hheOvmLVHS_CORGY1rGebG2hCZxuTRO6k3ppvUC8vFuzPCIRPotMa76fSIA663BWJPjrshyz1kkmQGvDk5TtD4Ye_TdhdM6teVxLJQlNz8AsDrGwyfReBs7hHXMf--F4EIipTPlnZkC4SvcUDH-Q37D3BgYlHX73F_gO6dxdPai115mNNXVDRn-gMxhK8P3mTXdRxl_MFOy22MT2PVjObKn93FCg&csuir=1&mtid=Zq7jaefxI9-g5NoP1-LTyA0&udm=50&chrome_task_id=035bfb90-9a93-466d-9503-678f72feb379
2026-04-18T12:20:32.684106,tab_focus,chrome://contextual-tasks/?q=is+the+gtech+physics+placement+test+hard&gs_lcrp=EgZjaHJvbWUqBwgBECEYoAEyBggAEEUYOTIHCAEQIRigATIHCAIQIRigATIHCAMQIRigATIHCAQQIRigATIHCAUQIRigATIHCAYQIRiPAjIHCAcQIRiPAtIBCDQ2OTlqMGo3qAIAsAIA&sourceid=chrome&ie=UTF-8&fbs=ADc_l-aN0CWEZBOHjofHoaMMDiKpFZYo9qIX3pM4_jubAu4b8BLCVR2Ov2eBOoXNgto4-ToeyMZfBfU1VupZsCIIgfYs618BJ0AYnz5F_zqAV52iWK2U7QfHNY_DwdnvO9tlw9gTL0MgXHoRXT1Kdh-sPwLmNnrJ0d-_smbXqaYUs7xH9GV5vHphQXLni8GDgqwTOJ7lRK3sAaQYeoDiQ-0aDgknCh5iOg&ved=2ahUKEwiNgMeI5veTAxX9K1kFHUJCMcsQ0NsOegQIAxAB&aep=10&ntc=1&cs=0&hl=en-US&biw=1280&bih=665.3333740234375&mstk=AUtExfCjIrT2HlyYrGP7e5D1hRnIt4SJXOOJc0owJ7YF2xyL_3klb-hheOvmLVHS_CORGY1rGebG2hCZxuTRO6k3ppvUC8vFuzPCIRPotMa76fSIA663BWJPjrshyz1kkmQGvDk5TtD4Ye_TdhdM6teVxLJQlNz8AsDrGwyfReBs7hHXMf--F4EIipTPlnZkC4SvcUDH-Q37D3BgYlHX73F_gO6dxdPai115mNNXVDRn-gMxhK8P3mTXdRxl_MFOy22MT2PVjObKn93FCg&csuir=1&mtid=Zq7jaefxI9-g5NoP1-LTyA0&udm=50&chrome_task_id=035bfb90-9a93-466d-9503-678f72feb379
2026-04-18T12:20:32.765919,tab_focus,chrome://contextual-tasks/?q=is+the+gtech+physics+placement+test+hard&gs_lcrp=EgZjaHJvbWUqBwgBECEYoAEyBggAEEUYOTIHCAEQIRigATIHCAIQIRigATIHCAMQIRigATIHCAQQIRigATIHCAUQIRigATIHCAYQIRiPAjIHCAcQIRiPAtIBCDQ2OTlqMGo3qAIAsAIA&sourceid=chrome&ie=UTF-8&fbs=ADc_l-aN0CWEZBOHjofHoaMMDiKpFZYo9qIX3pM4_jubAu4b8BLCVR2Ov2eBOoXNgto4-ToeyMZfBfU1VupZsCIIgfYs618BJ0AYnz5F_zqAV52iWK2U7QfHNY_DwdnvO9tlw9gTL0MgXHoRXT1Kdh-sPwLmNnrJ0d-_smbXqaYUs7xH9GV5vHphQXLni8GDgqwTOJ7lRK3sAaQYeoDiQ-0aDgknCh5iOg&ved=2ahUKEwiNgMeI5veTAxX9K1kFHUJCMcsQ0NsOegQIAxAB&aep=10&ntc=1&cs=0&hl=en-US&biw=1280&bih=665.3333740234375&mstk=AUtExfCjIrT2HlyYrGP7e5D1hRnIt4SJXOOJc0owJ7YF2xyL_3klb-hheOvmLVHS_CORGY1rGebG2hCZxuTRO6k3ppvUC8vFuzPCIRPotMa76fSIA663BWJPjrshyz1kkmQGvDk5TtD4Ye_TdhdM6teVxLJQlNz8AsDrGwyfReBs7hHXMf--F4EIipTPlnZkC4SvcUDH-Q37D3BgYlHX73F_gO6dxdPai115mNNXVDRn-gMxhK8P3mTXdRxl_MFOy22MT2PVjObKn93FCg&csuir=1&mtid=Zq7jaefxI9-g5NoP1-LTyA0&udm=50&chrome_task_id=035bfb90-9a93-466d-9503-678f72feb379
2026-04-18T19:52:46.991963,tab_focus,chrome://newtab/
2026-04-18T19:52:52.379887,tab_focus,https://app.houseofcb.com/
2026-04-18T19:52:52.412975,tab_focus,https://app.houseofcb.com/
2026-04-18T19:53:48.730916,tab_focus,https://app.houseofcb.com/category?category_id=639
2026-04-18T20:29:56.146466,tab_focus,chrome://newtab/
2026-04-18T20:29:59.646749,tab_focus,https://www.youtube.com/
2026-04-18T20:30:14.706759,tab_focus,https://www.youtube.com/
2026-04-18T20:30:14.717447,tab_focus,https://www.youtube.com/shorts/c2aU1E3ch3Q
2026-04-18T20:31:09.890155,tab_focus,https://www.youtube.com/shorts/c2aU1E3ch3Q
2026-04-18T20:31:10.100426,tab_focus,https://www.youtube.com/shorts/tkVcLIZWMZo
2026-04-18T20:32:25.318542,tab_focus,https://www.youtube.com/shorts/tkVcLIZWMZo
2026-04-18T20:32:25.618752,tab_focus,https://www.youtube.com/shorts/o8i5SkP4u_w
2026-04-18T20:34:22.782038,tab_focus,https://www.youtube.com/shorts/o8i5SkP4u_w
2026-04-18T20:34:23.179346,tab_focus,https://www.youtube.com/shorts/ygc56Fl2Xfg
2026-04-18T20:34:23.774704,tab_focus,https://www.youtube.com/shorts/ygc56Fl2Xfg
2026-04-18T20:34:24.024033,tab_focus,https://www.youtube.com/shorts/o8i5SkP4u_w
2026-04-18T20:35:33.899872,tab_focus,https://www.youtube.com/shorts/o8i5SkP4u_w
2026-04-18T20:35:34.182607,tab_focus,https://www.youtube.com/shorts/ygc56Fl2Xfg
2026-04-18T20:36:38.285687,tab_focus,chrome://newtab/
2026-04-18T21:09:15.202948,tab_focus,https://www.youtube.com/shorts/vQEjII6IaTU
2026-04-18T21:09:15.207607,tab_focus,https://www.youtube.com/shorts/vQEjII6IaTU
2026-04-18T21:09:15.576207,tab_focus,https://www.youtube.com/shorts/tkVcLIZWMZo
2026-04-18T21:09:16.833542,tab_focus,https://www.youtube.com/shorts/tkVcLIZWMZo
2026-04-18T21:09:17.136969,tab_focus,https://www.youtube.com/shorts/s1ONAiA80DU
2026-04-18T21:09:31.235660,tab_focus,https://www.youtube.com/shorts/s1ONAiA80DU
2026-04-18T21:09:31.483495,tab_focus,https://www.youtube.com/shorts/c4fdPX2yHp0
2026-04-18T21:09:32.200209,tab_focus,https://www.youtube.com/shorts/c4fdPX2yHp0
2026-04-18T21:09:32.290594,tab_focus,https://www.youtube.com/shorts/s1ONAiA80DU
2026-04-18T21:09:34.225714,tab_focus,https://www.youtube.com/shorts/s1ONAiA80DU
2026-04-18T21:09:34.387085,tab_focus,https://www.youtube.com/shorts/c4fdPX2yHp0
2026-04-18T21:09:43.294270,tab_focus,https://www.youtube.com/shorts/c4fdPX2yHp0
2026-04-18T21:09:43.452487,tab_focus,https://www.youtube.com/shorts/s1ONAiA80DU
2026-04-18T21:09:48.157326,tab_focus,https://www.youtube.com/shorts/s1ONAiA80DU
2026-04-18T21:09:48.280406,tab_focus,https://www.youtube.com/shorts/c4fdPX2yHp0
2026-04-18T21:09:48.624316,tab_focus,https://www.youtube.com/shorts/c4fdPX2yHp0
2026-04-18T21:09:48.795382,tab_focus,https://www.youtube.com/shorts/z5FWfSqqxoo
2026-04-18T21:11:57.185571,tab_focus,https://www.youtube.com/shorts/z5FWfSqqxoo
2026-04-18T21:11:57.739136,tab_focus,https://www.youtube.com/shorts/R3KJZ-B30UU
2026-04-18T21:12:30.671923,tab_focus,https://www.youtube.com/shorts/R3KJZ-B30UU
2026-04-18T21:12:30.960948,tab_focus,https://www.youtube.com/shorts/DEiA6LmwLK4
2026-04-18T21:13:30.839287,tab_focus,https://www.youtube.com/shorts/DEiA6LmwLK4
2026-04-18T21:13:30.946478,tab_focus,https://www.youtube.com/shorts/za2GsXwO1HI
2026-04-18T21:14:16.974634,tab_focus,https://www.youtube.com/shorts/za2GsXwO1HI
2026-04-18T21:14:17.217954,tab_focus,https://www.youtube.com/shorts/EDVBxO2AIOE
2026-04-18T21:15:33.492824,tab_focus,https://www.youtube.com/shorts/EDVBxO2AIOE
2026-04-18T21:15:33.670961,tab_focus,https://www.youtube.com/shorts/DnVznRrNh-4
2026-04-18T21:15:36.422246,tab_focus,https://www.youtube.com/shorts/DnVznRrNh-4
2026-04-18T21:15:36.510849,tab_focus,https://www.youtube.com/shorts/oSBI8Ax__pw
2026-04-18T21:18:55.459499,tab_focus,https://www.youtube.com/shorts/oSBI8Ax__pw
2026-04-18T21:18:55.703982,tab_focus,https://www.youtube.com/shorts/v4_rxhZDPKQ
2026-04-18T21:19:33.737104,tab_focus,https://www.youtube.com/shorts/v4_rxhZDPKQ
2026-04-18T21:19:34.140085,tab_focus,https://www.youtube.com/shorts/ubn1hzGGw2U
2026-04-18T21:20:38.823500,tab_focus,https://www.youtube.com/shorts/ubn1hzGGw2U
2026-04-18T21:20:39.009883,tab_focus,https://www.youtube.com/shorts/CaOC_tJqXPY
2026-04-18T21:20:44.681074,tab_focus,https://www.youtube.com/shorts/CaOC_tJqXPY
2026-04-18T21:20:44.867030,tab_focus,https://www.youtube.com/shorts/vf8_BZztwnQ
2026-04-18T21:21:07.493659,tab_focus,https://www.youtube.com/shorts/vf8_BZztwnQ
2026-04-18T21:21:07.678562,tab_focus,https://www.youtube.com/shorts/2qOwXyrm9lw
2026-04-18T21:22:08.871120,tab_focus,https://www.youtube.com/shorts/2qOwXyrm9lw
2026-04-18T21:22:09.109599,tab_focus,https://www.youtube.com/shorts/kSAOAtSEikE
2026-04-18T21:22:12.431135,tab_focus,https://www.youtube.com/shorts/kSAOAtSEikE
2026-04-18T21:22:12.545283,tab_focus,https://www.youtube.com/shorts/g4mb8-txq-o
2026-04-18T21:22:15.632424,tab_focus,https://www.youtube.com/shorts/g4mb8-txq-o
2026-04-18T21:22:15.798640,tab_focus,https://www.youtube.com/shorts/d-7AiW3Qz_Y
2026-04-18T21:25:20.117843,tab_focus,https://www.youtube.com/shorts/d-7AiW3Qz_Y
2026-04-18T21:25:20.310109,tab_focus,https://www.youtube.com/shorts/7OqNCrtWgx4
2026-04-18T21:25:35.504032,tab_focus,https://www.youtube.com/shorts/7OqNCrtWgx4
2026-04-18T21:25:35.707699,tab_focus,https://www.youtube.com/shorts/vILzPIMzrkM
2026-04-18T21:25:36.401249,tab_focus,https://www.youtube.com/shorts/vILzPIMzrkM
2026-04-18T21:25:36.506708,tab_focus,https://www.youtube.com/shorts/7OqNCrtWgx4
2026-04-18T21:25:55.367604,tab_focus,https://www.youtube.com/shorts/7OqNCrtWgx4
2026-04-18T21:25:55.538223,tab_focus,https://www.youtube.com/shorts/vILzPIMzrkM
2026-04-18T21:27:13.009388,tab_focus,https://www.youtube.com/shorts/vILzPIMzrkM
2026-04-18T21:27:13.224789,tab_focus,https://www.youtube.com/shorts/D7wYWrSq3jE
2026-04-18T21:29:08.408008,tab_focus,https://www.youtube.com/shorts/D7wYWrSq3jE
2026-04-18T21:29:08.672663,tab_focus,https://www.youtube.com/shorts/Rgneqm9_fvY
2026-04-18T21:30:38.924239,tab_focus,https://www.youtube.com/shorts/Rgneqm9_fvY
2026-04-18T21:30:39.108521,tab_focus,https://www.youtube.com/shorts/i0FkFsgU3ds
2026-04-18T21:30:43.463720,tab_focus,https://www.youtube.com/shorts/i0FkFsgU3ds
2026-04-18T21:30:43.626640,tab_focus,https://www.youtube.com/shorts/l-S7ACBAv5c
2026-04-18T21:31:34.489452,tab_focus,https://www.youtube.com/shorts/l-S7ACBAv5c
2026-04-18T21:31:34.845695,tab_focus,https://www.youtube.com/shorts/V1WdLZIuhk0
2026-04-18T21:31:39.006013,tab_focus,https://www.youtube.com/shorts/V1WdLZIuhk0
2026-04-18T21:31:39.108446,tab_focus,https://www.youtube.com/shorts/HFv59ih-lj4
2026-04-18T21:35:46.091525,tab_focus,chrome://newtab/
2026-04-18T21:36:03.471832,focused,https://www.google.com/search?q=if+even+a+small+part+of+my+sqyash+is+modly%2C+do+i+not+use+it&oq=if+even+a+small+part+of+my+sqyash+is+modly%2C+do+i+not+use+it&gs_lcrp=EgZjaHJvbWUyBggAEEUYOTIJCAEQIRgKGKABMgcIAhAhGI8CMgcIAxAhGI8C0gEJMTE4ODNqMGo3qAIAsAIA&sourceid=chrome&ie=UTF-8
2026-04-18T21:38:14.001559,tab_focus,chrome://contextual-tasks/?chrome_task_id=097d2884-ee22-425d-85b8-4af14b82ec29
2026-04-18T21:38:14.007980,tab_focus,chrome://contextual-tasks/?chrome_task_id=097d2884-ee22-425d-85b8-4af14b82ec29
2026-04-18T21:38:14.582222,tab_focus,chrome://contextual-tasks/?q=if+even+a+small+part+of+my+squash+is+moldy%2C+do+i+not+use+it&gs_lcrp=EgZjaHJvbWUyBggAEEUYOTIJCAEQIRgKGKABMgcIAhAhGI8CMgcIAxAhGI8C0gEJMTE4ODNqMGo3qAIAsAIA&sourceid=chrome&ie=UTF-8&udm=50&fbs=ADc_l-aN0CWEZBOHjofHoaMMDiKpV6Bbbmx4QVaoKkiRQ2jlwvMg54BMciw6zYi-UcSdrQBNV1fEZVQc09EDL8fA8LwnQLoUqfFCgXt767y8mzynmunUMxcLiFPaC8f8X76dtWBulgmBV6R5WqbTqVmnRl-jpFyLn-4WgkZoFz0XySEVyr_JBimf9aFPA16xQYuDehWnBU1vZ-6D6OcYi4hsLTx5asaAZw&ved=2ahUKEwikrZGj4_iTAxUPEVkFHThaMbEQ0NsOegQIAxAB&aep=10&ntc=1&cs=0&hl=en-US&biw=1280&bih=665.3333740234375&chrome_task_id=097d2884-ee22-425d-85b8-4af14b82ec29
2026-04-18T21:38:14.612548,tab_focus,chrome://contextual-tasks/?q=if+even+a+small+part+of+my+squash+is+moldy%2C+do+i+not+use+it&gs_lcrp=EgZjaHJvbWUyBggAEEUYOTIJCAEQIRgKGKABMgcIAhAhGI8CMgcIAxAhGI8C0gEJMTE4ODNqMGo3qAIAsAIA&sourceid=chrome&ie=UTF-8&udm=50&fbs=ADc_l-aN0CWEZBOHjofHoaMMDiKpV6Bbbmx4QVaoKkiRQ2jlwvMg54BMciw6zYi-UcSdrQBNV1fEZVQc09EDL8fA8LwnQLoUqfFCgXt767y8mzynmunUMxcLiFPaC8f8X76dtWBulgmBV6R5WqbTqVmnRl-jpFyLn-4WgkZoFz0XySEVyr_JBimf9aFPA16xQYuDehWnBU1vZ-6D6OcYi4hsLTx5asaAZw&ved=2ahUKEwikrZGj4_iTAxUPEVkFHThaMbEQ0NsOegQIAxAB&aep=10&ntc=1&cs=0&hl=en-US&biw=1280&bih=665.3333740234375&chrome_task_id=097d2884-ee22-425d-85b8-4af14b82ec29
2026-04-18T21:38:14.830216,tab_focus,chrome://contextual-tasks/?q=if+even+a+small+part+of+my+squash+is+moldy%2C+do+i+not+use+it&gs_lcrp=EgZjaHJvbWUyBggAEEUYOTIJCAEQIRgKGKABMgcIAhAhGI8CMgcIAxAhGI8C0gEJMTE4ODNqMGo3qAIAsAIA&sourceid=chrome&ie=UTF-8&udm=50&fbs=ADc_l-aN0CWEZBOHjofHoaMMDiKpV6Bbbmx4QVaoKkiRQ2jlwvMg54BMciw6zYi-UcSdrQBNV1fEZVQc09EDL8fA8LwnQLoUqfFCgXt767y8mzynmunUMxcLiFPaC8f8X76dtWBulgmBV6R5WqbTqVmnRl-jpFyLn-4WgkZoFz0XySEVyr_JBimf9aFPA16xQYuDehWnBU1vZ-6D6OcYi4hsLTx5asaAZw&ved=2ahUKEwikrZGj4_iTAxUPEVkFHThaMbEQ0NsOegQIAxAB&aep=10&ntc=1&cs=0&hl=en-US&biw=1280&bih=665.3333740234375&mstk=AUtExfAAWAf9CG5ir4VucIL533-ibOdGvn2nzsbrEORsLO3itC-NEXbVypGhCRinm5nsq0XHh_arWVoYnR-L2sE84JeYgoKOqxdMuIib26H_1uTzkqeEiNoCYVlA2DT-romUtqG75WSu8woVzBk3HLmlW8Yf3o1xKV4GihQ&csuir=1&chrome_task_id=097d2884-ee22-425d-85b8-4af14b82ec29
2026-04-18T21:38:15.037154,tab_focus,chrome://contextual-tasks/?q=if+even+a+small+part+of+my+squash+is+moldy%2C+do+i+not+use+it&gs_lcrp=EgZjaHJvbWUyBggAEEUYOTIJCAEQIRgKGKABMgcIAhAhGI8CMgcIAxAhGI8C0gEJMTE4ODNqMGo3qAIAsAIA&sourceid=chrome&ie=UTF-8&udm=50&fbs=ADc_l-aN0CWEZBOHjofHoaMMDiKpV6Bbbmx4QVaoKkiRQ2jlwvMg54BMciw6zYi-UcSdrQBNV1fEZVQc09EDL8fA8LwnQLoUqfFCgXt767y8mzynmunUMxcLiFPaC8f8X76dtWBulgmBV6R5WqbTqVmnRl-jpFyLn-4WgkZoFz0XySEVyr_JBimf9aFPA16xQYuDehWnBU1vZ-6D6OcYi4hsLTx5asaAZw&ved=2ahUKEwikrZGj4_iTAxUPEVkFHThaMbEQ0NsOegQIAxAB&aep=10&ntc=1&cs=0&hl=en-US&biw=1280&bih=665.3333740234375&mstk=AUtExfAAWAf9CG5ir4VucIL533-ibOdGvn2nzsbrEORsLO3itC-NEXbVypGhCRinm5nsq0XHh_arWVoYnR-L2sE84JeYgoKOqxdMuIib26H_1uTzkqeEiNoCYVlA2DT-romUtqG75WSu8woVzBk3HLmlW8Yf3o1xKV4GihQ&csuir=1&chrome_task_id=097d2884-ee22-425d-85b8-4af14b82ec29
2026-04-18T21:38:15.082569,tab_focus,chrome://contextual-tasks/?q=if+even+a+small+part+of+my+squash+is+moldy%2C+do+i+not+use+it&gs_lcrp=EgZjaHJvbWUyBggAEEUYOTIJCAEQIRgKGKABMgcIAhAhGI8CMgcIAxAhGI8C0gEJMTE4ODNqMGo3qAIAsAIA&sourceid=chrome&ie=UTF-8&udm=50&fbs=ADc_l-aN0CWEZBOHjofHoaMMDiKpV6Bbbmx4QVaoKkiRQ2jlwvMg54BMciw6zYi-UcSdrQBNV1fEZVQc09EDL8fA8LwnQLoUqfFCgXt767y8mzynmunUMxcLiFPaC8f8X76dtWBulgmBV6R5WqbTqVmnRl-jpFyLn-4WgkZoFz0XySEVyr_JBimf9aFPA16xQYuDehWnBU1vZ-6D6OcYi4hsLTx5asaAZw&ved=2ahUKEwikrZGj4_iTAxUPEVkFHThaMbEQ0NsOegQIAxAB&aep=10&ntc=1&cs=0&hl=en-US&biw=1280&bih=665.3333740234375&mstk=AUtExfAAWAf9CG5ir4VucIL533-ibOdGvn2nzsbrEORsLO3itC-NEXbVypGhCRinm5nsq0XHh_arWVoYnR-L2sE84JeYgoKOqxdMuIib26H_1uTzkqeEiNoCYVlA2DT-romUtqG75WSu8woVzBk3HLmlW8Yf3o1xKV4GihQ&csuir=1&chrome_task_id=097d2884-ee22-425d-85b8-4af14b82ec29
2026-04-18T21:38:18.892531,tab_focus,chrome://contextual-tasks/?q=if+even+a+small+part+of+my+squash+is+moldy%2C+do+i+not+use+it&gs_lcrp=EgZjaHJvbWUyBggAEEUYOTIJCAEQIRgKGKABMgcIAhAhGI8CMgcIAxAhGI8C0gEJMTE4ODNqMGo3qAIAsAIA&sourceid=chrome&ie=UTF-8&udm=50&fbs=ADc_l-aN0CWEZBOHjofHoaMMDiKpV6Bbbmx4QVaoKkiRQ2jlwvMg54BMciw6zYi-UcSdrQBNV1fEZVQc09EDL8fA8LwnQLoUqfFCgXt767y8mzynmunUMxcLiFPaC8f8X76dtWBulgmBV6R5WqbTqVmnRl-jpFyLn-4WgkZoFz0XySEVyr_JBimf9aFPA16xQYuDehWnBU1vZ-6D6OcYi4hsLTx5asaAZw&ved=2ahUKEwikrZGj4_iTAxUPEVkFHThaMbEQ0NsOegQIAxAB&aep=10&ntc=1&cs=0&hl=en-US&biw=1280&bih=665.3333740234375&mstk=AUtExfAaYjBhg5PFLXxFTcLaINjQoF3WGHpzdVqRqB1_4l76UNyOl5TJxpUX67zWsJo4RO5sYWvb-ZUWRTQKk19XZ-26DRugoW7t1Hi393xKAPTxuEmre2QmrvoKzGpxTqGgGMNW9AnjzDifX01dpw7wx7EUsGXyO-QNwWA&csuir=1&chrome_task_id=097d2884-ee22-425d-85b8-4af14b82ec29
2026-04-18T21:38:18.939005,tab_focus,chrome://contextual-tasks/?q=if+even+a+small+part+of+my+squash+is+moldy%2C+do+i+not+use+it&gs_lcrp=EgZjaHJvbWUyBggAEEUYOTIJCAEQIRgKGKABMgcIAhAhGI8CMgcIAxAhGI8C0gEJMTE4ODNqMGo3qAIAsAIA&sourceid=chrome&ie=UTF-8&udm=50&fbs=ADc_l-aN0CWEZBOHjofHoaMMDiKpV6Bbbmx4QVaoKkiRQ2jlwvMg54BMciw6zYi-UcSdrQBNV1fEZVQc09EDL8fA8LwnQLoUqfFCgXt767y8mzynmunUMxcLiFPaC8f8X76dtWBulgmBV6R5WqbTqVmnRl-jpFyLn-4WgkZoFz0XySEVyr_JBimf9aFPA16xQYuDehWnBU1vZ-6D6OcYi4hsLTx5asaAZw&ved=2ahUKEwikrZGj4_iTAxUPEVkFHThaMbEQ0NsOegQIAxAB&aep=10&ntc=1&cs=0&hl=en-US&biw=1280&bih=665.3333740234375&mstk=AUtExfAaYjBhg5PFLXxFTcLaINjQoF3WGHpzdVqRqB1_4l76UNyOl5TJxpUX67zWsJo4RO5sYWvb-ZUWRTQKk19XZ-26DRugoW7t1Hi393xKAPTxuEmre2QmrvoKzGpxTqGgGMNW9AnjzDifX01dpw7wx7EUsGXyO-QNwWA&csuir=1&chrome_task_id=097d2884-ee22-425d-85b8-4af14b82ec29
2026-04-18T21:38:18.956070,tab_focus,chrome://contextual-tasks/?q=if+even+a+small+part+of+my+squash+is+moldy%2C+do+i+not+use+it&gs_lcrp=EgZjaHJvbWUyBggAEEUYOTIJCAEQIRgKGKABMgcIAhAhGI8CMgcIAxAhGI8C0gEJMTE4ODNqMGo3qAIAsAIA&sourceid=chrome&ie=UTF-8&udm=50&fbs=ADc_l-aN0CWEZBOHjofHoaMMDiKpV6Bbbmx4QVaoKkiRQ2jlwvMg54BMciw6zYi-UcSdrQBNV1fEZVQc09EDL8fA8LwnQLoUqfFCgXt767y8mzynmunUMxcLiFPaC8f8X76dtWBulgmBV6R5WqbTqVmnRl-jpFyLn-4WgkZoFz0XySEVyr_JBimf9aFPA16xQYuDehWnBU1vZ-6D6OcYi4hsLTx5asaAZw&ved=2ahUKEwikrZGj4_iTAxUPEVkFHThaMbEQ0NsOegQIAxAB&aep=10&ntc=1&cs=0&hl=en-US&biw=1280&bih=665.3333740234375&mstk=AUtExfAaYjBhg5PFLXxFTcLaINjQoF3WGHpzdVqRqB1_4l76UNyOl5TJxpUX67zWsJo4RO5sYWvb-ZUWRTQKk19XZ-26DRugoW7t1Hi393xKAPTxuEmre2QmrvoKzGpxTqGgGMNW9AnjzDifX01dpw7wx7EUsGXyO-QNwWA&csuir=1&chrome_task_id=097d2884-ee22-425d-85b8-4af14b82ec29
2026-04-18T21:38:18.958636,tab_focus,chrome://contextual-tasks/?q=if+even+a+small+part+of+my+squash+is+moldy%2C+do+i+not+use+it&gs_lcrp=EgZjaHJvbWUyBggAEEUYOTIJCAEQIRgKGKABMgcIAhAhGI8CMgcIAxAhGI8C0gEJMTE4ODNqMGo3qAIAsAIA&sourceid=chrome&ie=UTF-8&udm=50&fbs=ADc_l-aN0CWEZBOHjofHoaMMDiKpV6Bbbmx4QVaoKkiRQ2jlwvMg54BMciw6zYi-UcSdrQBNV1fEZVQc09EDL8fA8LwnQLoUqfFCgXt767y8mzynmunUMxcLiFPaC8f8X76dtWBulgmBV6R5WqbTqVmnRl-jpFyLn-4WgkZoFz0XySEVyr_JBimf9aFPA16xQYuDehWnBU1vZ-6D6OcYi4hsLTx5asaAZw&ved=2ahUKEwikrZGj4_iTAxUPEVkFHThaMbEQ0NsOegQIAxAB&aep=10&ntc=1&cs=0&hl=en-US&biw=1280&bih=665.3333740234375&mstk=AUtExfAaYjBhg5PFLXxFTcLaINjQoF3WGHpzdVqRqB1_4l76UNyOl5TJxpUX67zWsJo4RO5sYWvb-ZUWRTQKk19XZ-26DRugoW7t1Hi393xKAPTxuEmre2QmrvoKzGpxTqGgGMNW9AnjzDifX01dpw7wx7EUsGXyO-QNwWA&csuir=1&chrome_task_id=097d2884-ee22-425d-85b8-4af14b82ec29
2026-04-18T21:38:18.966901,tab_focus,chrome://contextual-tasks/?q=if+even+a+small+part+of+my+squash+is+moldy%2C+do+i+not+use+it&gs_lcrp=EgZjaHJvbWUyBggAEEUYOTIJCAEQIRgKGKABMgcIAhAhGI8CMgcIAxAhGI8C0gEJMTE4ODNqMGo3qAIAsAIA&sourceid=chrome&ie=UTF-8&udm=50&fbs=ADc_l-aN0CWEZBOHjofHoaMMDiKpV6Bbbmx4QVaoKkiRQ2jlwvMg54BMciw6zYi-UcSdrQBNV1fEZVQc09EDL8fA8LwnQLoUqfFCgXt767y8mzynmunUMxcLiFPaC8f8X76dtWBulgmBV6R5WqbTqVmnRl-jpFyLn-4WgkZoFz0XySEVyr_JBimf9aFPA16xQYuDehWnBU1vZ-6D6OcYi4hsLTx5asaAZw&ved=2ahUKEwikrZGj4_iTAxUPEVkFHThaMbEQ0NsOegQIAxAB&aep=10&ntc=1&cs=0&hl=en-US&biw=1280&bih=665.3333740234375&mstk=AUtExfAaYjBhg5PFLXxFTcLaINjQoF3WGHpzdVqRqB1_4l76UNyOl5TJxpUX67zWsJo4RO5sYWvb-ZUWRTQKk19XZ-26DRugoW7t1Hi393xKAPTxuEmre2QmrvoKzGpxTqGgGMNW9AnjzDifX01dpw7wx7EUsGXyO-QNwWA&csuir=1&chrome_task_id=097d2884-ee22-425d-85b8-4af14b82ec29
2026-04-18T21:38:19.023725,tab_focus,chrome://contextual-tasks/?q=if+even+a+small+part+of+my+squash+is+moldy%2C+do+i+not+use+it&gs_lcrp=EgZjaHJvbWUyBggAEEUYOTIJCAEQIRgKGKABMgcIAhAhGI8CMgcIAxAhGI8C0gEJMTE4ODNqMGo3qAIAsAIA&sourceid=chrome&ie=UTF-8&udm=50&fbs=ADc_l-aN0CWEZBOHjofHoaMMDiKpV6Bbbmx4QVaoKkiRQ2jlwvMg54BMciw6zYi-UcSdrQBNV1fEZVQc09EDL8fA8LwnQLoUqfFCgXt767y8mzynmunUMxcLiFPaC8f8X76dtWBulgmBV6R5WqbTqVmnRl-jpFyLn-4WgkZoFz0XySEVyr_JBimf9aFPA16xQYuDehWnBU1vZ-6D6OcYi4hsLTx5asaAZw&ved=2ahUKEwikrZGj4_iTAxUPEVkFHThaMbEQ0NsOegQIAxAB&aep=10&ntc=1&cs=0&hl=en-US&biw=1280&bih=665.3333740234375&mstk=AUtExfAaYjBhg5PFLXxFTcLaINjQoF3WGHpzdVqRqB1_4l76UNyOl5TJxpUX67zWsJo4RO5sYWvb-ZUWRTQKk19XZ-26DRugoW7t1Hi393xKAPTxuEmre2QmrvoKzGpxTqGgGMNW9AnjzDifX01dpw7wx7EUsGXyO-QNwWA&csuir=1&chrome_task_id=097d2884-ee22-425d-85b8-4af14b82ec29
2026-04-18T21:38:19.460723,tab_focus,chrome://contextual-tasks/?q=if+even+a+small+part+of+my+squash+is+moldy%2C+do+i+not+use+it&gs_lcrp=EgZjaHJvbWUyBggAEEUYOTIJCAEQIRgKGKABMgcIAhAhGI8CMgcIAxAhGI8C0gEJMTE4ODNqMGo3qAIAsAIA&sourceid=chrome&ie=UTF-8&udm=50&fbs=ADc_l-aN0CWEZBOHjofHoaMMDiKpV6Bbbmx4QVaoKkiRQ2jlwvMg54BMciw6zYi-UcSdrQBNV1fEZVQc09EDL8fA8LwnQLoUqfFCgXt767y8mzynmunUMxcLiFPaC8f8X76dtWBulgmBV6R5WqbTqVmnRl-jpFyLn-4WgkZoFz0XySEVyr_JBimf9aFPA16xQYuDehWnBU1vZ-6D6OcYi4hsLTx5asaAZw&ved=2ahUKEwikrZGj4_iTAxUPEVkFHThaMbEQ0NsOegQIAxAB&aep=10&ntc=1&cs=0&hl=en-US&biw=1280&bih=665.3333740234375&mstk=AUtExfAaYjBhg5PFLXxFTcLaINjQoF3WGHpzdVqRqB1_4l76UNyOl5TJxpUX67zWsJo4RO5sYWvb-ZUWRTQKk19XZ-26DRugoW7t1Hi393xKAPTxuEmre2QmrvoKzGpxTqGgGMNW9AnjzDifX01dpw7wx7EUsGXyO-QNwWA&csuir=1&mtid=CDLkaYm5DpCk5NoPhNbkyQE&chrome_task_id=097d2884-ee22-425d-85b8-4af14b82ec29
2026-04-18T21:38:19.460723,tab_focus,chrome://contextual-tasks/?q=if+even+a+small+part+of+my+squash+is+moldy%2C+do+i+not+use+it&gs_lcrp=EgZjaHJvbWUyBggAEEUYOTIJCAEQIRgKGKABMgcIAhAhGI8CMgcIAxAhGI8C0gEJMTE4ODNqMGo3qAIAsAIA&sourceid=chrome&ie=UTF-8&udm=50&fbs=ADc_l-aN0CWEZBOHjofHoaMMDiKpV6Bbbmx4QVaoKkiRQ2jlwvMg54BMciw6zYi-UcSdrQBNV1fEZVQc09EDL8fA8LwnQLoUqfFCgXt767y8mzynmunUMxcLiFPaC8f8X76dtWBulgmBV6R5WqbTqVmnRl-jpFyLn-4WgkZoFz0XySEVyr_JBimf9aFPA16xQYuDehWnBU1vZ-6D6OcYi4hsLTx5asaAZw&ved=2ahUKEwikrZGj4_iTAxUPEVkFHThaMbEQ0NsOegQIAxAB&aep=10&ntc=1&cs=0&hl=en-US&biw=1280&bih=665.3333740234375&mstk=AUtExfAaYjBhg5PFLXxFTcLaINjQoF3WGHpzdVqRqB1_4l76UNyOl5TJxpUX67zWsJo4RO5sYWvb-ZUWRTQKk19XZ-26DRugoW7t1Hi393xKAPTxuEmre2QmrvoKzGpxTqGgGMNW9AnjzDifX01dpw7wx7EUsGXyO-QNwWA&csuir=1&mtid=CDLkaYm5DpCk5NoPhNbkyQE&chrome_task_id=097d2884-ee22-425d-85b8-4af14b82ec29
2026-04-18T21:38:19.467161,tab_focus,chrome://contextual-tasks/?q=if+even+a+small+part+of+my+squash+is+moldy%2C+do+i+not+use+it&gs_lcrp=EgZjaHJvbWUyBggAEEUYOTIJCAEQIRgKGKABMgcIAhAhGI8CMgcIAxAhGI8C0gEJMTE4ODNqMGo3qAIAsAIA&sourceid=chrome&ie=UTF-8&udm=50&fbs=ADc_l-aN0CWEZBOHjofHoaMMDiKpV6Bbbmx4QVaoKkiRQ2jlwvMg54BMciw6zYi-UcSdrQBNV1fEZVQc09EDL8fA8LwnQLoUqfFCgXt767y8mzynmunUMxcLiFPaC8f8X76dtWBulgmBV6R5WqbTqVmnRl-jpFyLn-4WgkZoFz0XySEVyr_JBimf9aFPA16xQYuDehWnBU1vZ-6D6OcYi4hsLTx5asaAZw&ved=2ahUKEwikrZGj4_iTAxUPEVkFHThaMbEQ0NsOegQIAxAB&aep=10&ntc=1&cs=0&hl=en-US&biw=1280&bih=665.3333740234375&mstk=AUtExfAaYjBhg5PFLXxFTcLaINjQoF3WGHpzdVqRqB1_4l76UNyOl5TJxpUX67zWsJo4RO5sYWvb-ZUWRTQKk19XZ-26DRugoW7t1Hi393xKAPTxuEmre2QmrvoKzGpxTqGgGMNW9AnjzDifX01dpw7wx7EUsGXyO-QNwWA&csuir=1&mtid=CDLkaYm5DpCk5NoPhNbkyQE&chrome_task_id=097d2884-ee22-425d-85b8-4af14b82ec29
2026-04-18T21:38:21.651298,tab_focus,chrome://contextual-tasks/?q=if+even+a+small+part+of+my+squash+is+moldy%2C+do+i+not+use+it&gs_lcrp=EgZjaHJvbWUyBggAEEUYOTIJCAEQIRgKGKABMgcIAhAhGI8CMgcIAxAhGI8C0gEJMTE4ODNqMGo3qAIAsAIA&sourceid=chrome&ie=UTF-8&fbs=ADc_l-aN0CWEZBOHjofHoaMMDiKpV6Bbbmx4QVaoKkiRQ2jlwvMg54BMciw6zYi-UcSdrQBNV1fEZVQc09EDL8fA8LwnQLoUqfFCgXt767y8mzynmunUMxcLiFPaC8f8X76dtWBulgmBV6R5WqbTqVmnRl-jpFyLn-4WgkZoFz0XySEVyr_JBimf9aFPA16xQYuDehWnBU1vZ-6D6OcYi4hsLTx5asaAZw&ved=2ahUKEwikrZGj4_iTAxUPEVkFHThaMbEQ0NsOegQIAxAB&aep=10&ntc=1&cs=0&hl=en-US&biw=1280&bih=665.3333740234375&mstk=AUtExfAaYjBhg5PFLXxFTcLaINjQoF3WGHpzdVqRqB1_4l76UNyOl5TJxpUX67zWsJo4RO5sYWvb-ZUWRTQKk19XZ-26DRugoW7t1Hi393xKAPTxuEmre2QmrvoKzGpxTqGgGMNW9AnjzDifX01dpw7wx7EUsGXyO-QNwWA&csuir=1&mtid=CDLkaYm5DpCk5NoPhNbkyQE&udm=50&chrome_task_id=097d2884-ee22-425d-85b8-4af14b82ec29
2026-04-18T21:38:23.303416,tab_focus,chrome://contextual-tasks/?q=if+even+a+small+part+of+my+squash+is+moldy%2C+do+i+not+use+it&gs_lcrp=EgZjaHJvbWUyBggAEEUYOTIJCAEQIRgKGKABMgcIAhAhGI8CMgcIAxAhGI8C0gEJMTE4ODNqMGo3qAIAsAIA&sourceid=chrome&ie=UTF-8&fbs=ADc_l-aN0CWEZBOHjofHoaMMDiKpV6Bbbmx4QVaoKkiRQ2jlwvMg54BMciw6zYi-UcSdrQBNV1fEZVQc09EDL8fA8LwnQLoUqfFCgXt767y8mzynmunUMxcLiFPaC8f8X76dtWBulgmBV6R5WqbTqVmnRl-jpFyLn-4WgkZoFz0XySEVyr_JBimf9aFPA16xQYuDehWnBU1vZ-6D6OcYi4hsLTx5asaAZw&ved=2ahUKEwikrZGj4_iTAxUPEVkFHThaMbEQ0NsOegQIAxAB&aep=10&ntc=1&cs=0&hl=en-US&biw=1280&bih=665.3333740234375&mstk=AUtExfBjDyeFvCQj8fc_KdW2JlJ7_SMLXyBYSZrA-OJyAjZUyvRKeTkxJOphp17oH4Sul8AO-r_c2itCrdAhQF_yNakGKKouCoHK_7MuPG6b2waapqRO5ZXRqfPgTrkRGdljt35cQgMBGJpZ76fguXwK2WQen2O44TUQbC3IZ_ac4fiK2CypQy8BM_xAVUzkyc0xVqJOpbWvgv6-ZUJnPdz5OzoYVLTg_fRerfqc3clKg-BrckjYRiDoE9_20RXRKTOjjoFmf9SRUCdlFg&csuir=1&mtid=CDLkaYm5DpCk5NoPhNbkyQE&udm=50&chrome_task_id=097d2884-ee22-425d-85b8-4af14b82ec29
2026-04-18T21:38:23.319846,tab_focus,chrome://contextual-tasks/?q=if+even+a+small+part+of+my+squash+is+moldy%2C+do+i+not+use+it&gs_lcrp=EgZjaHJvbWUyBggAEEUYOTIJCAEQIRgKGKABMgcIAhAhGI8CMgcIAxAhGI8C0gEJMTE4ODNqMGo3qAIAsAIA&sourceid=chrome&ie=UTF-8&fbs=ADc_l-aN0CWEZBOHjofHoaMMDiKpV6Bbbmx4QVaoKkiRQ2jlwvMg54BMciw6zYi-UcSdrQBNV1fEZVQc09EDL8fA8LwnQLoUqfFCgXt767y8mzynmunUMxcLiFPaC8f8X76dtWBulgmBV6R5WqbTqVmnRl-jpFyLn-4WgkZoFz0XySEVyr_JBimf9aFPA16xQYuDehWnBU1vZ-6D6OcYi4hsLTx5asaAZw&ved=2ahUKEwikrZGj4_iTAxUPEVkFHThaMbEQ0NsOegQIAxAB&aep=10&ntc=1&cs=0&hl=en-US&biw=1280&bih=665.3333740234375&mstk=AUtExfBjDyeFvCQj8fc_KdW2JlJ7_SMLXyBYSZrA-OJyAjZUyvRKeTkxJOphp17oH4Sul8AO-r_c2itCrdAhQF_yNakGKKouCoHK_7MuPG6b2waapqRO5ZXRqfPgTrkRGdljt35cQgMBGJpZ76fguXwK2WQen2O44TUQbC3IZ_ac4fiK2CypQy8BM_xAVUzkyc0xVqJOpbWvgv6-ZUJnPdz5OzoYVLTg_fRerfqc3clKg-BrckjYRiDoE9_20RXRKTOjjoFmf9SRUCdlFg&csuir=1&mtid=CDLkaYm5DpCk5NoPhNbkyQE&udm=50&chrome_task_id=097d2884-ee22-425d-85b8-4af14b82ec29
2026-04-18T21:38:23.319846,tab_focus,chrome://contextual-tasks/?q=if+even+a+small+part+of+my+squash+is+moldy%2C+do+i+not+use+it&gs_lcrp=EgZjaHJvbWUyBggAEEUYOTIJCAEQIRgKGKABMgcIAhAhGI8CMgcIAxAhGI8C0gEJMTE4ODNqMGo3qAIAsAIA&sourceid=chrome&ie=UTF-8&fbs=ADc_l-aN0CWEZBOHjofHoaMMDiKpV6Bbbmx4QVaoKkiRQ2jlwvMg54BMciw6zYi-UcSdrQBNV1fEZVQc09EDL8fA8LwnQLoUqfFCgXt767y8mzynmunUMxcLiFPaC8f8X76dtWBulgmBV6R5WqbTqVmnRl-jpFyLn-4WgkZoFz0XySEVyr_JBimf9aFPA16xQYuDehWnBU1vZ-6D6OcYi4hsLTx5asaAZw&ved=2ahUKEwikrZGj4_iTAxUPEVkFHThaMbEQ0NsOegQIAxAB&aep=10&ntc=1&cs=0&hl=en-US&biw=1280&bih=665.3333740234375&mstk=AUtExfBjDyeFvCQj8fc_KdW2JlJ7_SMLXyBYSZrA-OJyAjZUyvRKeTkxJOphp17oH4Sul8AO-r_c2itCrdAhQF_yNakGKKouCoHK_7MuPG6b2waapqRO5ZXRqfPgTrkRGdljt35cQgMBGJpZ76fguXwK2WQen2O44TUQbC3IZ_ac4fiK2CypQy8BM_xAVUzkyc0xVqJOpbWvgv6-ZUJnPdz5OzoYVLTg_fRerfqc3clKg-BrckjYRiDoE9_20RXRKTOjjoFmf9SRUCdlFg&csuir=1&mtid=CDLkaYm5DpCk5NoPhNbkyQE&udm=50&chrome_task_id=097d2884-ee22-425d-85b8-4af14b82ec29
2026-04-18T21:38:23.319846,tab_focus,chrome://contextual-tasks/?q=if+even+a+small+part+of+my+squash+is+moldy%2C+do+i+not+use+it&gs_lcrp=EgZjaHJvbWUyBggAEEUYOTIJCAEQIRgKGKABMgcIAhAhGI8CMgcIAxAhGI8C0gEJMTE4ODNqMGo3qAIAsAIA&sourceid=chrome&ie=UTF-8&fbs=ADc_l-aN0CWEZBOHjofHoaMMDiKpV6Bbbmx4QVaoKkiRQ2jlwvMg54BMciw6zYi-UcSdrQBNV1fEZVQc09EDL8fA8LwnQLoUqfFCgXt767y8mzynmunUMxcLiFPaC8f8X76dtWBulgmBV6R5WqbTqVmnRl-jpFyLn-4WgkZoFz0XySEVyr_JBimf9aFPA16xQYuDehWnBU1vZ-6D6OcYi4hsLTx5asaAZw&ved=2ahUKEwikrZGj4_iTAxUPEVkFHThaMbEQ0NsOegQIAxAB&aep=10&ntc=1&cs=0&hl=en-US&biw=1280&bih=665.3333740234375&mstk=AUtExfBjDyeFvCQj8fc_KdW2JlJ7_SMLXyBYSZrA-OJyAjZUyvRKeTkxJOphp17oH4Sul8AO-r_c2itCrdAhQF_yNakGKKouCoHK_7MuPG6b2waapqRO5ZXRqfPgTrkRGdljt35cQgMBGJpZ76fguXwK2WQen2O44TUQbC3IZ_ac4fiK2CypQy8BM_xAVUzkyc0xVqJOpbWvgv6-ZUJnPdz5OzoYVLTg_fRerfqc3clKg-BrckjYRiDoE9_20RXRKTOjjoFmf9SRUCdlFg&csuir=1&mtid=CDLkaYm5DpCk5NoPhNbkyQE&udm=50&chrome_task_id=097d2884-ee22-425d-85b8-4af14b82ec29
2026-04-18T21:38:23.328358,tab_focus,chrome://contextual-tasks/?q=if+even+a+small+part+of+my+squash+is+moldy%2C+do+i+not+use+it&gs_lcrp=EgZjaHJvbWUyBggAEEUYOTIJCAEQIRgKGKABMgcIAhAhGI8CMgcIAxAhGI8C0gEJMTE4ODNqMGo3qAIAsAIA&sourceid=chrome&ie=UTF-8&fbs=ADc_l-aN0CWEZBOHjofHoaMMDiKpV6Bbbmx4QVaoKkiRQ2jlwvMg54BMciw6zYi-UcSdrQBNV1fEZVQc09EDL8fA8LwnQLoUqfFCgXt767y8mzynmunUMxcLiFPaC8f8X76dtWBulgmBV6R5WqbTqVmnRl-jpFyLn-4WgkZoFz0XySEVyr_JBimf9aFPA16xQYuDehWnBU1vZ-6D6OcYi4hsLTx5asaAZw&ved=2ahUKEwikrZGj4_iTAxUPEVkFHThaMbEQ0NsOegQIAxAB&aep=10&ntc=1&cs=0&hl=en-US&biw=1280&bih=665.3333740234375&mstk=AUtExfBjDyeFvCQj8fc_KdW2JlJ7_SMLXyBYSZrA-OJyAjZUyvRKeTkxJOphp17oH4Sul8AO-r_c2itCrdAhQF_yNakGKKouCoHK_7MuPG6b2waapqRO5ZXRqfPgTrkRGdljt35cQgMBGJpZ76fguXwK2WQen2O44TUQbC3IZ_ac4fiK2CypQy8BM_xAVUzkyc0xVqJOpbWvgv6-ZUJnPdz5OzoYVLTg_fRerfqc3clKg-BrckjYRiDoE9_20RXRKTOjjoFmf9SRUCdlFg&csuir=1&mtid=CDLkaYm5DpCk5NoPhNbkyQE&udm=50&chrome_task_id=097d2884-ee22-425d-85b8-4af14b82ec29
2026-04-18T21:38:23.418447,tab_focus,chrome://contextual-tasks/?q=if+even+a+small+part+of+my+squash+is+moldy%2C+do+i+not+use+it&gs_lcrp=EgZjaHJvbWUyBggAEEUYOTIJCAEQIRgKGKABMgcIAhAhGI8CMgcIAxAhGI8C0gEJMTE4ODNqMGo3qAIAsAIA&sourceid=chrome&ie=UTF-8&fbs=ADc_l-aN0CWEZBOHjofHoaMMDiKpV6Bbbmx4QVaoKkiRQ2jlwvMg54BMciw6zYi-UcSdrQBNV1fEZVQc09EDL8fA8LwnQLoUqfFCgXt767y8mzynmunUMxcLiFPaC8f8X76dtWBulgmBV6R5WqbTqVmnRl-jpFyLn-4WgkZoFz0XySEVyr_JBimf9aFPA16xQYuDehWnBU1vZ-6D6OcYi4hsLTx5asaAZw&ved=2ahUKEwikrZGj4_iTAxUPEVkFHThaMbEQ0NsOegQIAxAB&aep=10&ntc=1&cs=0&hl=en-US&biw=1280&bih=665.3333740234375&mstk=AUtExfBjDyeFvCQj8fc_KdW2JlJ7_SMLXyBYSZrA-OJyAjZUyvRKeTkxJOphp17oH4Sul8AO-r_c2itCrdAhQF_yNakGKKouCoHK_7MuPG6b2waapqRO5ZXRqfPgTrkRGdljt35cQgMBGJpZ76fguXwK2WQen2O44TUQbC3IZ_ac4fiK2CypQy8BM_xAVUzkyc0xVqJOpbWvgv6-ZUJnPdz5OzoYVLTg_fRerfqc3clKg-BrckjYRiDoE9_20RXRKTOjjoFmf9SRUCdlFg&csuir=1&mtid=CDLkaYm5DpCk5NoPhNbkyQE&udm=50&chrome_task_id=097d2884-ee22-425d-85b8-4af14b82ec29
2026-04-18T21:38:38.652233,tab_focus,chrome://contextual-tasks/?q=if+even+a+small+part+of+my+squash+is+moldy%2C+do+i+not+use+it&gs_lcrp=EgZjaHJvbWUyBggAEEUYOTIJCAEQIRgKGKABMgcIAhAhGI8CMgcIAxAhGI8C0gEJMTE4ODNqMGo3qAIAsAIA&sourceid=chrome&ie=UTF-8&fbs=ADc_l-aN0CWEZBOHjofHoaMMDiKpV6Bbbmx4QVaoKkiRQ2jlwvMg54BMciw6zYi-UcSdrQBNV1fEZVQc09EDL8fA8LwnQLoUqfFCgXt767y8mzynmunUMxcLiFPaC8f8X76dtWBulgmBV6R5WqbTqVmnRl-jpFyLn-4WgkZoFz0XySEVyr_JBimf9aFPA16xQYuDehWnBU1vZ-6D6OcYi4hsLTx5asaAZw&ved=2ahUKEwikrZGj4_iTAxUPEVkFHThaMbEQ0NsOegQIAxAB&aep=10&ntc=1&cs=0&hl=en-US&biw=1280&bih=665.3333740234375&mstk=AUtExfBjDyeFvCQj8fc_KdW2JlJ7_SMLXyBYSZrA-OJyAjZUyvRKeTkxJOphp17oH4Sul8AO-r_c2itCrdAhQF_yNakGKKouCoHK_7MuPG6b2waapqRO5ZXRqfPgTrkRGdljt35cQgMBGJpZ76fguXwK2WQen2O44TUQbC3IZ_ac4fiK2CypQy8BM_xAVUzkyc0xVqJOpbWvgv6-ZUJnPdz5OzoYVLTg_fRerfqc3clKg-BrckjYRiDoE9_20RXRKTOjjoFmf9SRUCdlFg&csuir=1&mtid=CDLkaYm5DpCk5NoPhNbkyQE&udm=50&chrome_task_id=097d2884-ee22-425d-85b8-4af14b82ec29
2026-04-18T21:38:43.513437,tab_focus,chrome://contextual-tasks/?q=if+even+a+small+part+of+my+squash+is+moldy%2C+do+i+not+use+it&gs_lcrp=EgZjaHJvbWUyBggAEEUYOTIJCAEQIRgKGKABMgcIAhAhGI8CMgcIAxAhGI8C0gEJMTE4ODNqMGo3qAIAsAIA&sourceid=chrome&ie=UTF-8&fbs=ADc_l-aN0CWEZBOHjofHoaMMDiKpV6Bbbmx4QVaoKkiRQ2jlwvMg54BMciw6zYi-UcSdrQBNV1fEZVQc09EDL8fA8LwnQLoUqfFCgXt767y8mzynmunUMxcLiFPaC8f8X76dtWBulgmBV6R5WqbTqVmnRl-jpFyLn-4WgkZoFz0XySEVyr_JBimf9aFPA16xQYuDehWnBU1vZ-6D6OcYi4hsLTx5asaAZw&ved=2ahUKEwikrZGj4_iTAxUPEVkFHThaMbEQ0NsOegQIAxAB&aep=10&ntc=1&cs=0&hl=en-US&biw=1280&bih=665.3333740234375&mstk=AUtExfAZM7XNPA1-M2levKiWsCsPn7Z-KPJxDh7I_hcdvWkXo8cTdF9TScEITt6G_ykTbn4yZn3odqS7PnZX11XXt3ujoAftF4eVfi0FYzCFHuaN43afo5j2ICj9R7Vafkxg1MiE90TGYf2kUvJ9WiibrSlTxYGAM-R4abibPGCks5GFfV7QIeODB2kyWAqYZ9GQ0XIdgBPFXzIFvfgmAN0YLLZBqiWXDfAyp0AJO_NaCRh039aTwGXpAsIjXUzkn1n82qOXDPx9OIU_1g&csuir=1&mtid=CDLkaYm5DpCk5NoPhNbkyQE&udm=50&chrome_task_id=097d2884-ee22-425d-85b8-4af14b82ec29
2026-04-18T21:38:43.519666,tab_focus,chrome://contextual-tasks/?q=if+even+a+small+part+of+my+squash+is+moldy%2C+do+i+not+use+it&gs_lcrp=EgZjaHJvbWUyBggAEEUYOTIJCAEQIRgKGKABMgcIAhAhGI8CMgcIAxAhGI8C0gEJMTE4ODNqMGo3qAIAsAIA&sourceid=chrome&ie=UTF-8&fbs=ADc_l-aN0CWEZBOHjofHoaMMDiKpV6Bbbmx4QVaoKkiRQ2jlwvMg54BMciw6zYi-UcSdrQBNV1fEZVQc09EDL8fA8LwnQLoUqfFCgXt767y8mzynmunUMxcLiFPaC8f8X76dtWBulgmBV6R5WqbTqVmnRl-jpFyLn-4WgkZoFz0XySEVyr_JBimf9aFPA16xQYuDehWnBU1vZ-6D6OcYi4hsLTx5asaAZw&ved=2ahUKEwikrZGj4_iTAxUPEVkFHThaMbEQ0NsOegQIAxAB&aep=10&ntc=1&cs=0&hl=en-US&biw=1280&bih=665.3333740234375&mstk=AUtExfAZM7XNPA1-M2levKiWsCsPn7Z-KPJxDh7I_hcdvWkXo8cTdF9TScEITt6G_ykTbn4yZn3odqS7PnZX11XXt3ujoAftF4eVfi0FYzCFHuaN43afo5j2ICj9R7Vafkxg1MiE90TGYf2kUvJ9WiibrSlTxYGAM-R4abibPGCks5GFfV7QIeODB2kyWAqYZ9GQ0XIdgBPFXzIFvfgmAN0YLLZBqiWXDfAyp0AJO_NaCRh039aTwGXpAsIjXUzkn1n82qOXDPx9OIU_1g&csuir=1&mtid=CDLkaYm5DpCk5NoPhNbkyQE&udm=50&chrome_task_id=097d2884-ee22-425d-85b8-4af14b82ec29
2026-04-18T21:38:43.521236,tab_focus,chrome://contextual-tasks/?q=if+even+a+small+part+of+my+squash+is+moldy%2C+do+i+not+use+it&gs_lcrp=EgZjaHJvbWUyBggAEEUYOTIJCAEQIRgKGKABMgcIAhAhGI8CMgcIAxAhGI8C0gEJMTE4ODNqMGo3qAIAsAIA&sourceid=chrome&ie=UTF-8&fbs=ADc_l-aN0CWEZBOHjofHoaMMDiKpV6Bbbmx4QVaoKkiRQ2jlwvMg54BMciw6zYi-UcSdrQBNV1fEZVQc09EDL8fA8LwnQLoUqfFCgXt767y8mzynmunUMxcLiFPaC8f8X76dtWBulgmBV6R5WqbTqVmnRl-jpFyLn-4WgkZoFz0XySEVyr_JBimf9aFPA16xQYuDehWnBU1vZ-6D6OcYi4hsLTx5asaAZw&ved=2ahUKEwikrZGj4_iTAxUPEVkFHThaMbEQ0NsOegQIAxAB&aep=10&ntc=1&cs=0&hl=en-US&biw=1280&bih=665.3333740234375&mstk=AUtExfAZM7XNPA1-M2levKiWsCsPn7Z-KPJxDh7I_hcdvWkXo8cTdF9TScEITt6G_ykTbn4yZn3odqS7PnZX11XXt3ujoAftF4eVfi0FYzCFHuaN43afo5j2ICj9R7Vafkxg1MiE90TGYf2kUvJ9WiibrSlTxYGAM-R4abibPGCks5GFfV7QIeODB2kyWAqYZ9GQ0XIdgBPFXzIFvfgmAN0YLLZBqiWXDfAyp0AJO_NaCRh039aTwGXpAsIjXUzkn1n82qOXDPx9OIU_1g&csuir=1&mtid=CDLkaYm5DpCk5NoPhNbkyQE&udm=50&chrome_task_id=097d2884-ee22-425d-85b8-4af14b82ec29
2026-04-18T21:38:43.522786,tab_focus,chrome://contextual-tasks/?q=if+even+a+small+part+of+my+squash+is+moldy%2C+do+i+not+use+it&gs_lcrp=EgZjaHJvbWUyBggAEEUYOTIJCAEQIRgKGKABMgcIAhAhGI8CMgcIAxAhGI8C0gEJMTE4ODNqMGo3qAIAsAIA&sourceid=chrome&ie=UTF-8&fbs=ADc_l-aN0CWEZBOHjofHoaMMDiKpV6Bbbmx4QVaoKkiRQ2jlwvMg54BMciw6zYi-UcSdrQBNV1fEZVQc09EDL8fA8LwnQLoUqfFCgXt767y8mzynmunUMxcLiFPaC8f8X76dtWBulgmBV6R5WqbTqVmnRl-jpFyLn-4WgkZoFz0XySEVyr_JBimf9aFPA16xQYuDehWnBU1vZ-6D6OcYi4hsLTx5asaAZw&ved=2ahUKEwikrZGj4_iTAxUPEVkFHThaMbEQ0NsOegQIAxAB&aep=10&ntc=1&cs=0&hl=en-US&biw=1280&bih=665.3333740234375&mstk=AUtExfAZM7XNPA1-M2levKiWsCsPn7Z-KPJxDh7I_hcdvWkXo8cTdF9TScEITt6G_ykTbn4yZn3odqS7PnZX11XXt3ujoAftF4eVfi0FYzCFHuaN43afo5j2ICj9R7Vafkxg1MiE90TGYf2kUvJ9WiibrSlTxYGAM-R4abibPGCks5GFfV7QIeODB2kyWAqYZ9GQ0XIdgBPFXzIFvfgmAN0YLLZBqiWXDfAyp0AJO_NaCRh039aTwGXpAsIjXUzkn1n82qOXDPx9OIU_1g&csuir=1&mtid=CDLkaYm5DpCk5NoPhNbkyQE&udm=50&chrome_task_id=097d2884-ee22-425d-85b8-4af14b82ec29
2026-04-18T21:38:43.527158,tab_focus,chrome://contextual-tasks/?q=if+even+a+small+part+of+my+squash+is+moldy%2C+do+i+not+use+it&gs_lcrp=EgZjaHJvbWUyBggAEEUYOTIJCAEQIRgKGKABMgcIAhAhGI8CMgcIAxAhGI8C0gEJMTE4ODNqMGo3qAIAsAIA&sourceid=chrome&ie=UTF-8&fbs=ADc_l-aN0CWEZBOHjofHoaMMDiKpV6Bbbmx4QVaoKkiRQ2jlwvMg54BMciw6zYi-UcSdrQBNV1fEZVQc09EDL8fA8LwnQLoUqfFCgXt767y8mzynmunUMxcLiFPaC8f8X76dtWBulgmBV6R5WqbTqVmnRl-jpFyLn-4WgkZoFz0XySEVyr_JBimf9aFPA16xQYuDehWnBU1vZ-6D6OcYi4hsLTx5asaAZw&ved=2ahUKEwikrZGj4_iTAxUPEVkFHThaMbEQ0NsOegQIAxAB&aep=10&ntc=1&cs=0&hl=en-US&biw=1280&bih=665.3333740234375&mstk=AUtExfAZM7XNPA1-M2levKiWsCsPn7Z-KPJxDh7I_hcdvWkXo8cTdF9TScEITt6G_ykTbn4yZn3odqS7PnZX11XXt3ujoAftF4eVfi0FYzCFHuaN43afo5j2ICj9R7Vafkxg1MiE90TGYf2kUvJ9WiibrSlTxYGAM-R4abibPGCks5GFfV7QIeODB2kyWAqYZ9GQ0XIdgBPFXzIFvfgmAN0YLLZBqiWXDfAyp0AJO_NaCRh039aTwGXpAsIjXUzkn1n82qOXDPx9OIU_1g&csuir=1&mtid=CDLkaYm5DpCk5NoPhNbkyQE&udm=50&chrome_task_id=097d2884-ee22-425d-85b8-4af14b82ec29
2026-04-18T21:38:43.544162,tab_focus,chrome://contextual-tasks/?q=if+even+a+small+part+of+my+squash+is+moldy%2C+do+i+not+use+it&gs_lcrp=EgZjaHJvbWUyBggAEEUYOTIJCAEQIRgKGKABMgcIAhAhGI8CMgcIAxAhGI8C0gEJMTE4ODNqMGo3qAIAsAIA&sourceid=chrome&ie=UTF-8&fbs=ADc_l-aN0CWEZBOHjofHoaMMDiKpV6Bbbmx4QVaoKkiRQ2jlwvMg54BMciw6zYi-UcSdrQBNV1fEZVQc09EDL8fA8LwnQLoUqfFCgXt767y8mzynmunUMxcLiFPaC8f8X76dtWBulgmBV6R5WqbTqVmnRl-jpFyLn-4WgkZoFz0XySEVyr_JBimf9aFPA16xQYuDehWnBU1vZ-6D6OcYi4hsLTx5asaAZw&ved=2ahUKEwikrZGj4_iTAxUPEVkFHThaMbEQ0NsOegQIAxAB&aep=10&ntc=1&cs=0&hl=en-US&biw=1280&bih=665.3333740234375&mstk=AUtExfAZM7XNPA1-M2levKiWsCsPn7Z-KPJxDh7I_hcdvWkXo8cTdF9TScEITt6G_ykTbn4yZn3odqS7PnZX11XXt3ujoAftF4eVfi0FYzCFHuaN43afo5j2ICj9R7Vafkxg1MiE90TGYf2kUvJ9WiibrSlTxYGAM-R4abibPGCks5GFfV7QIeODB2kyWAqYZ9GQ0XIdgBPFXzIFvfgmAN0YLLZBqiWXDfAyp0AJO_NaCRh039aTwGXpAsIjXUzkn1n82qOXDPx9OIU_1g&csuir=1&mtid=CDLkaYm5DpCk5NoPhNbkyQE&udm=50&chrome_task_id=097d2884-ee22-425d-85b8-4af14b82ec29
2026-04-18T21:38:43.686952,tab_focus,chrome://contextual-tasks/?q=if+even+a+small+part+of+my+squash+is+moldy%2C+do+i+not+use+it&gs_lcrp=EgZjaHJvbWUyBggAEEUYOTIJCAEQIRgKGKABMgcIAhAhGI8CMgcIAxAhGI8C0gEJMTE4ODNqMGo3qAIAsAIA&sourceid=chrome&ie=UTF-8&fbs=ADc_l-aN0CWEZBOHjofHoaMMDiKpV6Bbbmx4QVaoKkiRQ2jlwvMg54BMciw6zYi-UcSdrQBNV1fEZVQc09EDL8fA8LwnQLoUqfFCgXt767y8mzynmunUMxcLiFPaC8f8X76dtWBulgmBV6R5WqbTqVmnRl-jpFyLn-4WgkZoFz0XySEVyr_JBimf9aFPA16xQYuDehWnBU1vZ-6D6OcYi4hsLTx5asaAZw&ved=2ahUKEwikrZGj4_iTAxUPEVkFHThaMbEQ0NsOegQIAxAB&aep=10&ntc=1&cs=0&hl=en-US&biw=1280&bih=665.3333740234375&mstk=AUtExfAZM7XNPA1-M2levKiWsCsPn7Z-KPJxDh7I_hcdvWkXo8cTdF9TScEITt6G_ykTbn4yZn3odqS7PnZX11XXt3ujoAftF4eVfi0FYzCFHuaN43afo5j2ICj9R7Vafkxg1MiE90TGYf2kUvJ9WiibrSlTxYGAM-R4abibPGCks5GFfV7QIeODB2kyWAqYZ9GQ0XIdgBPFXzIFvfgmAN0YLLZBqiWXDfAyp0AJO_NaCRh039aTwGXpAsIjXUzkn1n82qOXDPx9OIU_1g&csuir=1&mtid=CDLkaYm5DpCk5NoPhNbkyQE&udm=50&chrome_task_id=097d2884-ee22-425d-85b8-4af14b82ec29
2026-04-18T21:38:58.109547,tab_focus,chrome://contextual-tasks/?q=if+even+a+small+part+of+my+squash+is+moldy%2C+do+i+not+use+it&gs_lcrp=EgZjaHJvbWUyBggAEEUYOTIJCAEQIRgKGKABMgcIAhAhGI8CMgcIAxAhGI8C0gEJMTE4ODNqMGo3qAIAsAIA&sourceid=chrome&ie=UTF-8&fbs=ADc_l-aN0CWEZBOHjofHoaMMDiKpV6Bbbmx4QVaoKkiRQ2jlwvMg54BMciw6zYi-UcSdrQBNV1fEZVQc09EDL8fA8LwnQLoUqfFCgXt767y8mzynmunUMxcLiFPaC8f8X76dtWBulgmBV6R5WqbTqVmnRl-jpFyLn-4WgkZoFz0XySEVyr_JBimf9aFPA16xQYuDehWnBU1vZ-6D6OcYi4hsLTx5asaAZw&ved=2ahUKEwikrZGj4_iTAxUPEVkFHThaMbEQ0NsOegQIAxAB&aep=10&ntc=1&cs=0&hl=en-US&biw=1280&bih=665.3333740234375&mstk=AUtExfAZM7XNPA1-M2levKiWsCsPn7Z-KPJxDh7I_hcdvWkXo8cTdF9TScEITt6G_ykTbn4yZn3odqS7PnZX11XXt3ujoAftF4eVfi0FYzCFHuaN43afo5j2ICj9R7Vafkxg1MiE90TGYf2kUvJ9WiibrSlTxYGAM-R4abibPGCks5GFfV7QIeODB2kyWAqYZ9GQ0XIdgBPFXzIFvfgmAN0YLLZBqiWXDfAyp0AJO_NaCRh039aTwGXpAsIjXUzkn1n82qOXDPx9OIU_1g&csuir=1&mtid=CDLkaYm5DpCk5NoPhNbkyQE&udm=50&chrome_task_id=097d2884-ee22-425d-85b8-4af14b82ec29
2026-04-18T21:39:02.792253,tab_focus,chrome://contextual-tasks/?q=if+even+a+small+part+of+my+squash+is+moldy%2C+do+i+not+use+it&gs_lcrp=EgZjaHJvbWUyBggAEEUYOTIJCAEQIRgKGKABMgcIAhAhGI8CMgcIAxAhGI8C0gEJMTE4ODNqMGo3qAIAsAIA&sourceid=chrome&ie=UTF-8&fbs=ADc_l-aN0CWEZBOHjofHoaMMDiKpV6Bbbmx4QVaoKkiRQ2jlwvMg54BMciw6zYi-UcSdrQBNV1fEZVQc09EDL8fA8LwnQLoUqfFCgXt767y8mzynmunUMxcLiFPaC8f8X76dtWBulgmBV6R5WqbTqVmnRl-jpFyLn-4WgkZoFz0XySEVyr_JBimf9aFPA16xQYuDehWnBU1vZ-6D6OcYi4hsLTx5asaAZw&ved=2ahUKEwikrZGj4_iTAxUPEVkFHThaMbEQ0NsOegQIAxAB&aep=10&ntc=1&cs=0&hl=en-US&biw=1280&bih=665.3333740234375&mstk=AUtExfBiaFXVEMsrROtOpPUOlAeHYeyvkkVBvgdVy01ub-t0zjnd6nutMCBezAUev_3vr7fq4XvymRF_edMIofVvHgkjN1Y94dOfOPES9sNWGCjwu6DmlZGYIfZGdYnIuntuZOW__d-mS5CumF40ETA2rVbC0rc2y5WqzuQpt5Ikkph5muMyfoNzPsHOgOE287TJR1Croj4k4HXlDqtvV6XbU6gxYMszLRJufWn19NqSpf5LcVJueiUAECMO-kQhrrOF3uBnCEwBBh721w&csuir=1&mtid=CDLkaYm5DpCk5NoPhNbkyQE&udm=50&chrome_task_id=097d2884-ee22-425d-85b8-4af14b82ec29
2026-04-18T21:39:02.797655,tab_focus,chrome://contextual-tasks/?q=if+even+a+small+part+of+my+squash+is+moldy%2C+do+i+not+use+it&gs_lcrp=EgZjaHJvbWUyBggAEEUYOTIJCAEQIRgKGKABMgcIAhAhGI8CMgcIAxAhGI8C0gEJMTE4ODNqMGo3qAIAsAIA&sourceid=chrome&ie=UTF-8&fbs=ADc_l-aN0CWEZBOHjofHoaMMDiKpV6Bbbmx4QVaoKkiRQ2jlwvMg54BMciw6zYi-UcSdrQBNV1fEZVQc09EDL8fA8LwnQLoUqfFCgXt767y8mzynmunUMxcLiFPaC8f8X76dtWBulgmBV6R5WqbTqVmnRl-jpFyLn-4WgkZoFz0XySEVyr_JBimf9aFPA16xQYuDehWnBU1vZ-6D6OcYi4hsLTx5asaAZw&ved=2ahUKEwikrZGj4_iTAxUPEVkFHThaMbEQ0NsOegQIAxAB&aep=10&ntc=1&cs=0&hl=en-US&biw=1280&bih=665.3333740234375&mstk=AUtExfBiaFXVEMsrROtOpPUOlAeHYeyvkkVBvgdVy01ub-t0zjnd6nutMCBezAUev_3vr7fq4XvymRF_edMIofVvHgkjN1Y94dOfOPES9sNWGCjwu6DmlZGYIfZGdYnIuntuZOW__d-mS5CumF40ETA2rVbC0rc2y5WqzuQpt5Ikkph5muMyfoNzPsHOgOE287TJR1Croj4k4HXlDqtvV6XbU6gxYMszLRJufWn19NqSpf5LcVJueiUAECMO-kQhrrOF3uBnCEwBBh721w&csuir=1&mtid=CDLkaYm5DpCk5NoPhNbkyQE&udm=50&chrome_task_id=097d2884-ee22-425d-85b8-4af14b82ec29
2026-04-18T21:39:02.815911,tab_focus,chrome://contextual-tasks/?q=if+even+a+small+part+of+my+squash+is+moldy%2C+do+i+not+use+it&gs_lcrp=EgZjaHJvbWUyBggAEEUYOTIJCAEQIRgKGKABMgcIAhAhGI8CMgcIAxAhGI8C0gEJMTE4ODNqMGo3qAIAsAIA&sourceid=chrome&ie=UTF-8&fbs=ADc_l-aN0CWEZBOHjofHoaMMDiKpV6Bbbmx4QVaoKkiRQ2jlwvMg54BMciw6zYi-UcSdrQBNV1fEZVQc09EDL8fA8LwnQLoUqfFCgXt767y8mzynmunUMxcLiFPaC8f8X76dtWBulgmBV6R5WqbTqVmnRl-jpFyLn-4WgkZoFz0XySEVyr_JBimf9aFPA16xQYuDehWnBU1vZ-6D6OcYi4hsLTx5asaAZw&ved=2ahUKEwikrZGj4_iTAxUPEVkFHThaMbEQ0NsOegQIAxAB&aep=10&ntc=1&cs=0&hl=en-US&biw=1280&bih=665.3333740234375&mstk=AUtExfBiaFXVEMsrROtOpPUOlAeHYeyvkkVBvgdVy01ub-t0zjnd6nutMCBezAUev_3vr7fq4XvymRF_edMIofVvHgkjN1Y94dOfOPES9sNWGCjwu6DmlZGYIfZGdYnIuntuZOW__d-mS5CumF40ETA2rVbC0rc2y5WqzuQpt5Ikkph5muMyfoNzPsHOgOE287TJR1Croj4k4HXlDqtvV6XbU6gxYMszLRJufWn19NqSpf5LcVJueiUAECMO-kQhrrOF3uBnCEwBBh721w&csuir=1&mtid=CDLkaYm5DpCk5NoPhNbkyQE&udm=50&chrome_task_id=097d2884-ee22-425d-85b8-4af14b82ec29
2026-04-18T21:39:02.817670,tab_focus,chrome://contextual-tasks/?q=if+even+a+small+part+of+my+squash+is+moldy%2C+do+i+not+use+it&gs_lcrp=EgZjaHJvbWUyBggAEEUYOTIJCAEQIRgKGKABMgcIAhAhGI8CMgcIAxAhGI8C0gEJMTE4ODNqMGo3qAIAsAIA&sourceid=chrome&ie=UTF-8&fbs=ADc_l-aN0CWEZBOHjofHoaMMDiKpV6Bbbmx4QVaoKkiRQ2jlwvMg54BMciw6zYi-UcSdrQBNV1fEZVQc09EDL8fA8LwnQLoUqfFCgXt767y8mzynmunUMxcLiFPaC8f8X76dtWBulgmBV6R5WqbTqVmnRl-jpFyLn-4WgkZoFz0XySEVyr_JBimf9aFPA16xQYuDehWnBU1vZ-6D6OcYi4hsLTx5asaAZw&ved=2ahUKEwikrZGj4_iTAxUPEVkFHThaMbEQ0NsOegQIAxAB&aep=10&ntc=1&cs=0&hl=en-US&biw=1280&bih=665.3333740234375&mstk=AUtExfBiaFXVEMsrROtOpPUOlAeHYeyvkkVBvgdVy01ub-t0zjnd6nutMCBezAUev_3vr7fq4XvymRF_edMIofVvHgkjN1Y94dOfOPES9sNWGCjwu6DmlZGYIfZGdYnIuntuZOW__d-mS5CumF40ETA2rVbC0rc2y5WqzuQpt5Ikkph5muMyfoNzPsHOgOE287TJR1Croj4k4HXlDqtvV6XbU6gxYMszLRJufWn19NqSpf5LcVJueiUAECMO-kQhrrOF3uBnCEwBBh721w&csuir=1&mtid=CDLkaYm5DpCk5NoPhNbkyQE&udm=50&chrome_task_id=097d2884-ee22-425d-85b8-4af14b82ec29
2026-04-18T21:39:02.817670,tab_focus,chrome://contextual-tasks/?q=if+even+a+small+part+of+my+squash+is+moldy%2C+do+i+not+use+it&gs_lcrp=EgZjaHJvbWUyBggAEEUYOTIJCAEQIRgKGKABMgcIAhAhGI8CMgcIAxAhGI8C0gEJMTE4ODNqMGo3qAIAsAIA&sourceid=chrome&ie=UTF-8&fbs=ADc_l-aN0CWEZBOHjofHoaMMDiKpV6Bbbmx4QVaoKkiRQ2jlwvMg54BMciw6zYi-UcSdrQBNV1fEZVQc09EDL8fA8LwnQLoUqfFCgXt767y8mzynmunUMxcLiFPaC8f8X76dtWBulgmBV6R5WqbTqVmnRl-jpFyLn-4WgkZoFz0XySEVyr_JBimf9aFPA16xQYuDehWnBU1vZ-6D6OcYi4hsLTx5asaAZw&ved=2ahUKEwikrZGj4_iTAxUPEVkFHThaMbEQ0NsOegQIAxAB&aep=10&ntc=1&cs=0&hl=en-US&biw=1280&bih=665.3333740234375&mstk=AUtExfBiaFXVEMsrROtOpPUOlAeHYeyvkkVBvgdVy01ub-t0zjnd6nutMCBezAUev_3vr7fq4XvymRF_edMIofVvHgkjN1Y94dOfOPES9sNWGCjwu6DmlZGYIfZGdYnIuntuZOW__d-mS5CumF40ETA2rVbC0rc2y5WqzuQpt5Ikkph5muMyfoNzPsHOgOE287TJR1Croj4k4HXlDqtvV6XbU6gxYMszLRJufWn19NqSpf5LcVJueiUAECMO-kQhrrOF3uBnCEwBBh721w&csuir=1&mtid=CDLkaYm5DpCk5NoPhNbkyQE&udm=50&chrome_task_id=097d2884-ee22-425d-85b8-4af14b82ec29
2026-04-18T21:39:02.822742,tab_focus,chrome://contextual-tasks/?q=if+even+a+small+part+of+my+squash+is+moldy%2C+do+i+not+use+it&gs_lcrp=EgZjaHJvbWUyBggAEEUYOTIJCAEQIRgKGKABMgcIAhAhGI8CMgcIAxAhGI8C0gEJMTE4ODNqMGo3qAIAsAIA&sourceid=chrome&ie=UTF-8&fbs=ADc_l-aN0CWEZBOHjofHoaMMDiKpV6Bbbmx4QVaoKkiRQ2jlwvMg54BMciw6zYi-UcSdrQBNV1fEZVQc09EDL8fA8LwnQLoUqfFCgXt767y8mzynmunUMxcLiFPaC8f8X76dtWBulgmBV6R5WqbTqVmnRl-jpFyLn-4WgkZoFz0XySEVyr_JBimf9aFPA16xQYuDehWnBU1vZ-6D6OcYi4hsLTx5asaAZw&ved=2ahUKEwikrZGj4_iTAxUPEVkFHThaMbEQ0NsOegQIAxAB&aep=10&ntc=1&cs=0&hl=en-US&biw=1280&bih=665.3333740234375&mstk=AUtExfBiaFXVEMsrROtOpPUOlAeHYeyvkkVBvgdVy01ub-t0zjnd6nutMCBezAUev_3vr7fq4XvymRF_edMIofVvHgkjN1Y94dOfOPES9sNWGCjwu6DmlZGYIfZGdYnIuntuZOW__d-mS5CumF40ETA2rVbC0rc2y5WqzuQpt5Ikkph5muMyfoNzPsHOgOE287TJR1Croj4k4HXlDqtvV6XbU6gxYMszLRJufWn19NqSpf5LcVJueiUAECMO-kQhrrOF3uBnCEwBBh721w&csuir=1&mtid=CDLkaYm5DpCk5NoPhNbkyQE&udm=50&chrome_task_id=097d2884-ee22-425d-85b8-4af14b82ec29
2026-04-18T21:39:02.822742,tab_focus,chrome://contextual-tasks/?q=if+even+a+small+part+of+my+squash+is+moldy%2C+do+i+not+use+it&gs_lcrp=EgZjaHJvbWUyBggAEEUYOTIJCAEQIRgKGKABMgcIAhAhGI8CMgcIAxAhGI8C0gEJMTE4ODNqMGo3qAIAsAIA&sourceid=chrome&ie=UTF-8&fbs=ADc_l-aN0CWEZBOHjofHoaMMDiKpV6Bbbmx4QVaoKkiRQ2jlwvMg54BMciw6zYi-UcSdrQBNV1fEZVQc09EDL8fA8LwnQLoUqfFCgXt767y8mzynmunUMxcLiFPaC8f8X76dtWBulgmBV6R5WqbTqVmnRl-jpFyLn-4WgkZoFz0XySEVyr_JBimf9aFPA16xQYuDehWnBU1vZ-6D6OcYi4hsLTx5asaAZw&ved=2ahUKEwikrZGj4_iTAxUPEVkFHThaMbEQ0NsOegQIAxAB&aep=10&ntc=1&cs=0&hl=en-US&biw=1280&bih=665.3333740234375&mstk=AUtExfBiaFXVEMsrROtOpPUOlAeHYeyvkkVBvgdVy01ub-t0zjnd6nutMCBezAUev_3vr7fq4XvymRF_edMIofVvHgkjN1Y94dOfOPES9sNWGCjwu6DmlZGYIfZGdYnIuntuZOW__d-mS5CumF40ETA2rVbC0rc2y5WqzuQpt5Ikkph5muMyfoNzPsHOgOE287TJR1Croj4k4HXlDqtvV6XbU6gxYMszLRJufWn19NqSpf5LcVJueiUAECMO-kQhrrOF3uBnCEwBBh721w&csuir=1&mtid=CDLkaYm5DpCk5NoPhNbkyQE&udm=50&chrome_task_id=097d2884-ee22-425d-85b8-4af14b82ec29
2026-04-18T21:39:03.041630,tab_focus,chrome://contextual-tasks/?q=if+even+a+small+part+of+my+squash+is+moldy%2C+do+i+not+use+it&gs_lcrp=EgZjaHJvbWUyBggAEEUYOTIJCAEQIRgKGKABMgcIAhAhGI8CMgcIAxAhGI8C0gEJMTE4ODNqMGo3qAIAsAIA&sourceid=chrome&ie=UTF-8&fbs=ADc_l-aN0CWEZBOHjofHoaMMDiKpV6Bbbmx4QVaoKkiRQ2jlwvMg54BMciw6zYi-UcSdrQBNV1fEZVQc09EDL8fA8LwnQLoUqfFCgXt767y8mzynmunUMxcLiFPaC8f8X76dtWBulgmBV6R5WqbTqVmnRl-jpFyLn-4WgkZoFz0XySEVyr_JBimf9aFPA16xQYuDehWnBU1vZ-6D6OcYi4hsLTx5asaAZw&ved=2ahUKEwikrZGj4_iTAxUPEVkFHThaMbEQ0NsOegQIAxAB&aep=10&ntc=1&cs=0&hl=en-US&biw=1280&bih=665.3333740234375&mstk=AUtExfBiaFXVEMsrROtOpPUOlAeHYeyvkkVBvgdVy01ub-t0zjnd6nutMCBezAUev_3vr7fq4XvymRF_edMIofVvHgkjN1Y94dOfOPES9sNWGCjwu6DmlZGYIfZGdYnIuntuZOW__d-mS5CumF40ETA2rVbC0rc2y5WqzuQpt5Ikkph5muMyfoNzPsHOgOE287TJR1Croj4k4HXlDqtvV6XbU6gxYMszLRJufWn19NqSpf5LcVJueiUAECMO-kQhrrOF3uBnCEwBBh721w&csuir=1&mtid=CDLkaYm5DpCk5NoPhNbkyQE&udm=50&chrome_task_id=097d2884-ee22-425d-85b8-4af14b82ec29
2026-04-18T21:39:05.562951,tab_focus,chrome://newtab/
2026-04-18T21:39:12.214809,focused,https://www.google.com/search?q=bottlegourd&oq=bottlegourd&gs_lcrp=EgZjaHJvbWUyBggAEEUYOTIJCAEQLhgKGIAEMgkIAhAAGAoYgAQyCQgDEAAYChiABDIJCAQQABgKGIAEMgkIBRAAGAoYgAQyBwgGEAAYgAQyCQgHEAAYChiABDIJCAgQABgKGIAE0gEIMTYwOWowajeoAgCwAgA&sourceid=chrome&ie=UTF-8
2026-04-18T21:39:18.994841,focused,https://www.google.com/search?q=what+is+sorakaya+in+english&sca_esv=7996c7c19c681191&sxsrf=ANbL-n4dn5QdqAWYC51t0RMxytZk4jE01A%3A1776562749419&ei=PTLkacmkGc-A5OMP0vW48Ak&biw=1280&bih=665&oq=what+is+sora&gs_lp=Egxnd3Mtd2l6LXNlcnAiDHdoYXQgaXMgc29yYSoCCAAyCxAAGIAEGJECGIoFMgsQABiABBiRAhiKBTIIEAAYgAQYsQMyBRAAGIAEMgUQABiABDIFEAAYgAQyBRAAGIAEMgUQABiABDIFEAAYgAQyBRAAGIAESNUZUOwDWLoOcAJ4AZABAZgB4gGgAasOqgEFMi43LjO4AQPIAQD4AQGYAg2gAtANwgIKEAAYsAMY1gQYR8ICDRAAGIAEGLADGEMYigXCAg4QABiwAxjkAhjWBNgBAcICExAuGIAEGLADGEMYyAMYigXYAQHCAg0QIxiABBgnGMkCGIoFwgIEECMYJ8ICChAjGPAFGCcYngbCAgoQLhiABBhDGIoFwgILEAAYgAQYsQMYgwHCAhEQLhiABBixAxjRAxiDARjHAcICCxAuGIAEGNEDGMcBwgILEC4YgAQYsQMYgwHCAgoQABiABBhDGIoFwgIOEC4YgAQYsQMY0QMYxwHCAgoQIxiABBgnGIoFwgITEC4YgAQYsQMY0QMYQxjHARiKBcICEBAAGIAEGLEDGEMYgwEYigXCAg4QABiABBixAxiDARiKBcICCxAAGIAEGLEDGIoFmAMA4gMFEgExIECIBgGQBhO6BgYIARABGAmSBwUzLjguMqAH0qoBsgcFMS44LjK4B48NwgcIMi0xMi41LTHIB2-ACAA&sclient=gws-wiz-serp
2026-04-18T21:39:43.481008,tab_focus,chrome://contextual-tasks/?q=if+even+a+small+part+of+my+squash+is+moldy%2C+do+i+not+use+it&gs_lcrp=EgZjaHJvbWUyBggAEEUYOTIJCAEQIRgKGKABMgcIAhAhGI8CMgcIAxAhGI8C0gEJMTE4ODNqMGo3qAIAsAIA&sourceid=chrome&ie=UTF-8&fbs=ADc_l-aN0CWEZBOHjofHoaMMDiKpV6Bbbmx4QVaoKkiRQ2jlwvMg54BMciw6zYi-UcSdrQBNV1fEZVQc09EDL8fA8LwnQLoUqfFCgXt767y8mzynmunUMxcLiFPaC8f8X76dtWBulgmBV6R5WqbTqVmnRl-jpFyLn-4WgkZoFz0XySEVyr_JBimf9aFPA16xQYuDehWnBU1vZ-6D6OcYi4hsLTx5asaAZw&ved=2ahUKEwikrZGj4_iTAxUPEVkFHThaMbEQ0NsOegQIAxAB&aep=10&ntc=1&cs=0&hl=en-US&biw=1280&bih=665.3333740234375&mstk=AUtExfBiaFXVEMsrROtOpPUOlAeHYeyvkkVBvgdVy01ub-t0zjnd6nutMCBezAUev_3vr7fq4XvymRF_edMIofVvHgkjN1Y94dOfOPES9sNWGCjwu6DmlZGYIfZGdYnIuntuZOW__d-mS5CumF40ETA2rVbC0rc2y5WqzuQpt5Ikkph5muMyfoNzPsHOgOE287TJR1Croj4k4HXlDqtvV6XbU6gxYMszLRJufWn19NqSpf5LcVJueiUAECMO-kQhrrOF3uBnCEwBBh721w&csuir=1&mtid=CDLkaYm5DpCk5NoPhNbkyQE&udm=50&chrome_task_id=097d2884-ee22-425d-85b8-4af14b82ec29
2026-04-18T21:39:48.127179,tab_focus,chrome://contextual-tasks/?q=if+even+a+small+part+of+my+squash+is+moldy%2C+do+i+not+use+it&gs_lcrp=EgZjaHJvbWUyBggAEEUYOTIJCAEQIRgKGKABMgcIAhAhGI8CMgcIAxAhGI8C0gEJMTE4ODNqMGo3qAIAsAIA&sourceid=chrome&ie=UTF-8&fbs=ADc_l-aN0CWEZBOHjofHoaMMDiKpV6Bbbmx4QVaoKkiRQ2jlwvMg54BMciw6zYi-UcSdrQBNV1fEZVQc09EDL8fA8LwnQLoUqfFCgXt767y8mzynmunUMxcLiFPaC8f8X76dtWBulgmBV6R5WqbTqVmnRl-jpFyLn-4WgkZoFz0XySEVyr_JBimf9aFPA16xQYuDehWnBU1vZ-6D6OcYi4hsLTx5asaAZw&ved=2ahUKEwikrZGj4_iTAxUPEVkFHThaMbEQ0NsOegQIAxAB&aep=10&ntc=1&cs=0&hl=en-US&biw=1280&bih=665.3333740234375&mstk=AUtExfBX3aw-Dh0Zi1ekvPevMeg7Cm77ZyW0W3ilVFBMVfyhRJJY-swKr-maW_J3ew8JnJj226WWggPMfN52ak0SXNNkl09lUCrwvucdNzSGvlkKwf_OM-gwwIFwX2pV5xOhoth-cjo3uVcO7I4CiEaHc45TkL6vNKr23atefXFfehbM-_fq0e8MFAyAHA1jeXSvks5_iZTvICZUNpH5QI1X_xMjmg1FK0oB5Pxv7QkPUMEaJWOiYWg3GjqC95Tkqh9gIG2CT_49AMwGiQ&csuir=1&mtid=CDLkaYm5DpCk5NoPhNbkyQE&udm=50&chrome_task_id=097d2884-ee22-425d-85b8-4af14b82ec29
2026-04-18T21:39:48.134512,tab_focus,chrome://contextual-tasks/?q=if+even+a+small+part+of+my+squash+is+moldy%2C+do+i+not+use+it&gs_lcrp=EgZjaHJvbWUyBggAEEUYOTIJCAEQIRgKGKABMgcIAhAhGI8CMgcIAxAhGI8C0gEJMTE4ODNqMGo3qAIAsAIA&sourceid=chrome&ie=UTF-8&fbs=ADc_l-aN0CWEZBOHjofHoaMMDiKpV6Bbbmx4QVaoKkiRQ2jlwvMg54BMciw6zYi-UcSdrQBNV1fEZVQc09EDL8fA8LwnQLoUqfFCgXt767y8mzynmunUMxcLiFPaC8f8X76dtWBulgmBV6R5WqbTqVmnRl-jpFyLn-4WgkZoFz0XySEVyr_JBimf9aFPA16xQYuDehWnBU1vZ-6D6OcYi4hsLTx5asaAZw&ved=2ahUKEwikrZGj4_iTAxUPEVkFHThaMbEQ0NsOegQIAxAB&aep=10&ntc=1&cs=0&hl=en-US&biw=1280&bih=665.3333740234375&mstk=AUtExfBX3aw-Dh0Zi1ekvPevMeg7Cm77ZyW0W3ilVFBMVfyhRJJY-swKr-maW_J3ew8JnJj226WWggPMfN52ak0SXNNkl09lUCrwvucdNzSGvlkKwf_OM-gwwIFwX2pV5xOhoth-cjo3uVcO7I4CiEaHc45TkL6vNKr23atefXFfehbM-_fq0e8MFAyAHA1jeXSvks5_iZTvICZUNpH5QI1X_xMjmg1FK0oB5Pxv7QkPUMEaJWOiYWg3GjqC95Tkqh9gIG2CT_49AMwGiQ&csuir=1&mtid=CDLkaYm5DpCk5NoPhNbkyQE&udm=50&chrome_task_id=097d2884-ee22-425d-85b8-4af14b82ec29
2026-04-18T21:39:48.150296,tab_focus,chrome://contextual-tasks/?q=if+even+a+small+part+of+my+squash+is+moldy%2C+do+i+not+use+it&gs_lcrp=EgZjaHJvbWUyBggAEEUYOTIJCAEQIRgKGKABMgcIAhAhGI8CMgcIAxAhGI8C0gEJMTE4ODNqMGo3qAIAsAIA&sourceid=chrome&ie=UTF-8&fbs=ADc_l-aN0CWEZBOHjofHoaMMDiKpV6Bbbmx4QVaoKkiRQ2jlwvMg54BMciw6zYi-UcSdrQBNV1fEZVQc09EDL8fA8LwnQLoUqfFCgXt767y8mzynmunUMxcLiFPaC8f8X76dtWBulgmBV6R5WqbTqVmnRl-jpFyLn-4WgkZoFz0XySEVyr_JBimf9aFPA16xQYuDehWnBU1vZ-6D6OcYi4hsLTx5asaAZw&ved=2ahUKEwikrZGj4_iTAxUPEVkFHThaMbEQ0NsOegQIAxAB&aep=10&ntc=1&cs=0&hl=en-US&biw=1280&bih=665.3333740234375&mstk=AUtExfBX3aw-Dh0Zi1ekvPevMeg7Cm77ZyW0W3ilVFBMVfyhRJJY-swKr-maW_J3ew8JnJj226WWggPMfN52ak0SXNNkl09lUCrwvucdNzSGvlkKwf_OM-gwwIFwX2pV5xOhoth-cjo3uVcO7I4CiEaHc45TkL6vNKr23atefXFfehbM-_fq0e8MFAyAHA1jeXSvks5_iZTvICZUNpH5QI1X_xMjmg1FK0oB5Pxv7QkPUMEaJWOiYWg3GjqC95Tkqh9gIG2CT_49AMwGiQ&csuir=1&mtid=CDLkaYm5DpCk5NoPhNbkyQE&udm=50&chrome_task_id=097d2884-ee22-425d-85b8-4af14b82ec29
2026-04-18T21:39:48.154537,tab_focus,chrome://contextual-tasks/?q=if+even+a+small+part+of+my+squash+is+moldy%2C+do+i+not+use+it&gs_lcrp=EgZjaHJvbWUyBggAEEUYOTIJCAEQIRgKGKABMgcIAhAhGI8CMgcIAxAhGI8C0gEJMTE4ODNqMGo3qAIAsAIA&sourceid=chrome&ie=UTF-8&fbs=ADc_l-aN0CWEZBOHjofHoaMMDiKpV6Bbbmx4QVaoKkiRQ2jlwvMg54BMciw6zYi-UcSdrQBNV1fEZVQc09EDL8fA8LwnQLoUqfFCgXt767y8mzynmunUMxcLiFPaC8f8X76dtWBulgmBV6R5WqbTqVmnRl-jpFyLn-4WgkZoFz0XySEVyr_JBimf9aFPA16xQYuDehWnBU1vZ-6D6OcYi4hsLTx5asaAZw&ved=2ahUKEwikrZGj4_iTAxUPEVkFHThaMbEQ0NsOegQIAxAB&aep=10&ntc=1&cs=0&hl=en-US&biw=1280&bih=665.3333740234375&mstk=AUtExfBX3aw-Dh0Zi1ekvPevMeg7Cm77ZyW0W3ilVFBMVfyhRJJY-swKr-maW_J3ew8JnJj226WWggPMfN52ak0SXNNkl09lUCrwvucdNzSGvlkKwf_OM-gwwIFwX2pV5xOhoth-cjo3uVcO7I4CiEaHc45TkL6vNKr23atefXFfehbM-_fq0e8MFAyAHA1jeXSvks5_iZTvICZUNpH5QI1X_xMjmg1FK0oB5Pxv7QkPUMEaJWOiYWg3GjqC95Tkqh9gIG2CT_49AMwGiQ&csuir=1&mtid=CDLkaYm5DpCk5NoPhNbkyQE&udm=50&chrome_task_id=097d2884-ee22-425d-85b8-4af14b82ec29
2026-04-18T21:39:48.156549,tab_focus,chrome://contextual-tasks/?q=if+even+a+small+part+of+my+squash+is+moldy%2C+do+i+not+use+it&gs_lcrp=EgZjaHJvbWUyBggAEEUYOTIJCAEQIRgKGKABMgcIAhAhGI8CMgcIAxAhGI8C0gEJMTE4ODNqMGo3qAIAsAIA&sourceid=chrome&ie=UTF-8&fbs=ADc_l-aN0CWEZBOHjofHoaMMDiKpV6Bbbmx4QVaoKkiRQ2jlwvMg54BMciw6zYi-UcSdrQBNV1fEZVQc09EDL8fA8LwnQLoUqfFCgXt767y8mzynmunUMxcLiFPaC8f8X76dtWBulgmBV6R5WqbTqVmnRl-jpFyLn-4WgkZoFz0XySEVyr_JBimf9aFPA16xQYuDehWnBU1vZ-6D6OcYi4hsLTx5asaAZw&ved=2ahUKEwikrZGj4_iTAxUPEVkFHThaMbEQ0NsOegQIAxAB&aep=10&ntc=1&cs=0&hl=en-US&biw=1280&bih=665.3333740234375&mstk=AUtExfBX3aw-Dh0Zi1ekvPevMeg7Cm77ZyW0W3ilVFBMVfyhRJJY-swKr-maW_J3ew8JnJj226WWggPMfN52ak0SXNNkl09lUCrwvucdNzSGvlkKwf_OM-gwwIFwX2pV5xOhoth-cjo3uVcO7I4CiEaHc45TkL6vNKr23atefXFfehbM-_fq0e8MFAyAHA1jeXSvks5_iZTvICZUNpH5QI1X_xMjmg1FK0oB5Pxv7QkPUMEaJWOiYWg3GjqC95Tkqh9gIG2CT_49AMwGiQ&csuir=1&mtid=CDLkaYm5DpCk5NoPhNbkyQE&udm=50&chrome_task_id=097d2884-ee22-425d-85b8-4af14b82ec29
2026-04-18T21:39:48.158303,tab_focus,chrome://contextual-tasks/?q=if+even+a+small+part+of+my+squash+is+moldy%2C+do+i+not+use+it&gs_lcrp=EgZjaHJvbWUyBggAEEUYOTIJCAEQIRgKGKABMgcIAhAhGI8CMgcIAxAhGI8C0gEJMTE4ODNqMGo3qAIAsAIA&sourceid=chrome&ie=UTF-8&fbs=ADc_l-aN0CWEZBOHjofHoaMMDiKpV6Bbbmx4QVaoKkiRQ2jlwvMg54BMciw6zYi-UcSdrQBNV1fEZVQc09EDL8fA8LwnQLoUqfFCgXt767y8mzynmunUMxcLiFPaC8f8X76dtWBulgmBV6R5WqbTqVmnRl-jpFyLn-4WgkZoFz0XySEVyr_JBimf9aFPA16xQYuDehWnBU1vZ-6D6OcYi4hsLTx5asaAZw&ved=2ahUKEwikrZGj4_iTAxUPEVkFHThaMbEQ0NsOegQIAxAB&aep=10&ntc=1&cs=0&hl=en-US&biw=1280&bih=665.3333740234375&mstk=AUtExfBX3aw-Dh0Zi1ekvPevMeg7Cm77ZyW0W3ilVFBMVfyhRJJY-swKr-maW_J3ew8JnJj226WWggPMfN52ak0SXNNkl09lUCrwvucdNzSGvlkKwf_OM-gwwIFwX2pV5xOhoth-cjo3uVcO7I4CiEaHc45TkL6vNKr23atefXFfehbM-_fq0e8MFAyAHA1jeXSvks5_iZTvICZUNpH5QI1X_xMjmg1FK0oB5Pxv7QkPUMEaJWOiYWg3GjqC95Tkqh9gIG2CT_49AMwGiQ&csuir=1&mtid=CDLkaYm5DpCk5NoPhNbkyQE&udm=50&chrome_task_id=097d2884-ee22-425d-85b8-4af14b82ec29
2026-04-18T21:39:48.158303,tab_focus,chrome://contextual-tasks/?q=if+even+a+small+part+of+my+squash+is+moldy%2C+do+i+not+use+it&gs_lcrp=EgZjaHJvbWUyBggAEEUYOTIJCAEQIRgKGKABMgcIAhAhGI8CMgcIAxAhGI8C0gEJMTE4ODNqMGo3qAIAsAIA&sourceid=chrome&ie=UTF-8&fbs=ADc_l-aN0CWEZBOHjofHoaMMDiKpV6Bbbmx4QVaoKkiRQ2jlwvMg54BMciw6zYi-UcSdrQBNV1fEZVQc09EDL8fA8LwnQLoUqfFCgXt767y8mzynmunUMxcLiFPaC8f8X76dtWBulgmBV6R5WqbTqVmnRl-jpFyLn-4WgkZoFz0XySEVyr_JBimf9aFPA16xQYuDehWnBU1vZ-6D6OcYi4hsLTx5asaAZw&ved=2ahUKEwikrZGj4_iTAxUPEVkFHThaMbEQ0NsOegQIAxAB&aep=10&ntc=1&cs=0&hl=en-US&biw=1280&bih=665.3333740234375&mstk=AUtExfBX3aw-Dh0Zi1ekvPevMeg7Cm77ZyW0W3ilVFBMVfyhRJJY-swKr-maW_J3ew8JnJj226WWggPMfN52ak0SXNNkl09lUCrwvucdNzSGvlkKwf_OM-gwwIFwX2pV5xOhoth-cjo3uVcO7I4CiEaHc45TkL6vNKr23atefXFfehbM-_fq0e8MFAyAHA1jeXSvks5_iZTvICZUNpH5QI1X_xMjmg1FK0oB5Pxv7QkPUMEaJWOiYWg3GjqC95Tkqh9gIG2CT_49AMwGiQ&csuir=1&mtid=CDLkaYm5DpCk5NoPhNbkyQE&udm=50&chrome_task_id=097d2884-ee22-425d-85b8-4af14b82ec29
2026-04-18T21:39:48.380349,tab_focus,chrome://contextual-tasks/?q=if+even+a+small+part+of+my+squash+is+moldy%2C+do+i+not+use+it&gs_lcrp=EgZjaHJvbWUyBggAEEUYOTIJCAEQIRgKGKABMgcIAhAhGI8CMgcIAxAhGI8C0gEJMTE4ODNqMGo3qAIAsAIA&sourceid=chrome&ie=UTF-8&fbs=ADc_l-aN0CWEZBOHjofHoaMMDiKpV6Bbbmx4QVaoKkiRQ2jlwvMg54BMciw6zYi-UcSdrQBNV1fEZVQc09EDL8fA8LwnQLoUqfFCgXt767y8mzynmunUMxcLiFPaC8f8X76dtWBulgmBV6R5WqbTqVmnRl-jpFyLn-4WgkZoFz0XySEVyr_JBimf9aFPA16xQYuDehWnBU1vZ-6D6OcYi4hsLTx5asaAZw&ved=2ahUKEwikrZGj4_iTAxUPEVkFHThaMbEQ0NsOegQIAxAB&aep=10&ntc=1&cs=0&hl=en-US&biw=1280&bih=665.3333740234375&mstk=AUtExfBX3aw-Dh0Zi1ekvPevMeg7Cm77ZyW0W3ilVFBMVfyhRJJY-swKr-maW_J3ew8JnJj226WWggPMfN52ak0SXNNkl09lUCrwvucdNzSGvlkKwf_OM-gwwIFwX2pV5xOhoth-cjo3uVcO7I4CiEaHc45TkL6vNKr23atefXFfehbM-_fq0e8MFAyAHA1jeXSvks5_iZTvICZUNpH5QI1X_xMjmg1FK0oB5Pxv7QkPUMEaJWOiYWg3GjqC95Tkqh9gIG2CT_49AMwGiQ&csuir=1&mtid=CDLkaYm5DpCk5NoPhNbkyQE&udm=50&chrome_task_id=097d2884-ee22-425d-85b8-4af14b82ec29
2026-04-18T21:40:46.308370,tab_focus,chrome://contextual-tasks/?q=if+even+a+small+part+of+my+squash+is+moldy%2C+do+i+not+use+it&gs_lcrp=EgZjaHJvbWUyBggAEEUYOTIJCAEQIRgKGKABMgcIAhAhGI8CMgcIAxAhGI8C0gEJMTE4ODNqMGo3qAIAsAIA&sourceid=chrome&ie=UTF-8&fbs=ADc_l-aN0CWEZBOHjofHoaMMDiKpV6Bbbmx4QVaoKkiRQ2jlwvMg54BMciw6zYi-UcSdrQBNV1fEZVQc09EDL8fA8LwnQLoUqfFCgXt767y8mzynmunUMxcLiFPaC8f8X76dtWBulgmBV6R5WqbTqVmnRl-jpFyLn-4WgkZoFz0XySEVyr_JBimf9aFPA16xQYuDehWnBU1vZ-6D6OcYi4hsLTx5asaAZw&ved=2ahUKEwikrZGj4_iTAxUPEVkFHThaMbEQ0NsOegQIAxAB&aep=10&ntc=1&cs=0&hl=en-US&biw=1280&bih=665.3333740234375&mstk=AUtExfBX3aw-Dh0Zi1ekvPevMeg7Cm77ZyW0W3ilVFBMVfyhRJJY-swKr-maW_J3ew8JnJj226WWggPMfN52ak0SXNNkl09lUCrwvucdNzSGvlkKwf_OM-gwwIFwX2pV5xOhoth-cjo3uVcO7I4CiEaHc45TkL6vNKr23atefXFfehbM-_fq0e8MFAyAHA1jeXSvks5_iZTvICZUNpH5QI1X_xMjmg1FK0oB5Pxv7QkPUMEaJWOiYWg3GjqC95Tkqh9gIG2CT_49AMwGiQ&csuir=1&mtid=CDLkaYm5DpCk5NoPhNbkyQE&udm=50&chrome_task_id=097d2884-ee22-425d-85b8-4af14b82ec29
2026-04-18T21:40:49.180381,tab_focus,chrome://contextual-tasks/?q=if+even+a+small+part+of+my+squash+is+moldy%2C+do+i+not+use+it&gs_lcrp=EgZjaHJvbWUyBggAEEUYOTIJCAEQIRgKGKABMgcIAhAhGI8CMgcIAxAhGI8C0gEJMTE4ODNqMGo3qAIAsAIA&sourceid=chrome&ie=UTF-8&fbs=ADc_l-aN0CWEZBOHjofHoaMMDiKpV6Bbbmx4QVaoKkiRQ2jlwvMg54BMciw6zYi-UcSdrQBNV1fEZVQc09EDL8fA8LwnQLoUqfFCgXt767y8mzynmunUMxcLiFPaC8f8X76dtWBulgmBV6R5WqbTqVmnRl-jpFyLn-4WgkZoFz0XySEVyr_JBimf9aFPA16xQYuDehWnBU1vZ-6D6OcYi4hsLTx5asaAZw&ved=2ahUKEwikrZGj4_iTAxUPEVkFHThaMbEQ0NsOegQIAxAB&aep=10&ntc=1&cs=0&hl=en-US&biw=1280&bih=665.3333740234375&mstk=AUtExfCgu6aJ18-kzdIuFNLO3M0iC2PM-MdrKZyzysOFy-WvNvrkKQ0ykLWyXRu7zoUDIz36uTK2NAa0tW4Qhar3Ec0iQ_6alI39dKBWDL9cfUB6jOmjDLWDrbklHXvfn-yReur_c3t99LAwuEIEAFC6WsF-4fuzXOHy4S_i25oynjWgO8tsMxtLRgTe1gawi_wAwGZnF6Al7EsVlJL8xohCY1uh6ps7h6eC3XhYeWQcr2bZeqg2zx0QFBaTIkVznK9LJGcnZm8NhY-Fcg&csuir=1&mtid=CDLkaYm5DpCk5NoPhNbkyQE&udm=50&chrome_task_id=097d2884-ee22-425d-85b8-4af14b82ec29
2026-04-18T21:40:49.227611,tab_focus,chrome://contextual-tasks/?q=if+even+a+small+part+of+my+squash+is+moldy%2C+do+i+not+use+it&gs_lcrp=EgZjaHJvbWUyBggAEEUYOTIJCAEQIRgKGKABMgcIAhAhGI8CMgcIAxAhGI8C0gEJMTE4ODNqMGo3qAIAsAIA&sourceid=chrome&ie=UTF-8&fbs=ADc_l-aN0CWEZBOHjofHoaMMDiKpV6Bbbmx4QVaoKkiRQ2jlwvMg54BMciw6zYi-UcSdrQBNV1fEZVQc09EDL8fA8LwnQLoUqfFCgXt767y8mzynmunUMxcLiFPaC8f8X76dtWBulgmBV6R5WqbTqVmnRl-jpFyLn-4WgkZoFz0XySEVyr_JBimf9aFPA16xQYuDehWnBU1vZ-6D6OcYi4hsLTx5asaAZw&ved=2ahUKEwikrZGj4_iTAxUPEVkFHThaMbEQ0NsOegQIAxAB&aep=10&ntc=1&cs=0&hl=en-US&biw=1280&bih=665.3333740234375&mstk=AUtExfCgu6aJ18-kzdIuFNLO3M0iC2PM-MdrKZyzysOFy-WvNvrkKQ0ykLWyXRu7zoUDIz36uTK2NAa0tW4Qhar3Ec0iQ_6alI39dKBWDL9cfUB6jOmjDLWDrbklHXvfn-yReur_c3t99LAwuEIEAFC6WsF-4fuzXOHy4S_i25oynjWgO8tsMxtLRgTe1gawi_wAwGZnF6Al7EsVlJL8xohCY1uh6ps7h6eC3XhYeWQcr2bZeqg2zx0QFBaTIkVznK9LJGcnZm8NhY-Fcg&csuir=1&mtid=CDLkaYm5DpCk5NoPhNbkyQE&udm=50&chrome_task_id=097d2884-ee22-425d-85b8-4af14b82ec29
2026-04-18T21:40:49.227611,tab_focus,chrome://contextual-tasks/?q=if+even+a+small+part+of+my+squash+is+moldy%2C+do+i+not+use+it&gs_lcrp=EgZjaHJvbWUyBggAEEUYOTIJCAEQIRgKGKABMgcIAhAhGI8CMgcIAxAhGI8C0gEJMTE4ODNqMGo3qAIAsAIA&sourceid=chrome&ie=UTF-8&fbs=ADc_l-aN0CWEZBOHjofHoaMMDiKpV6Bbbmx4QVaoKkiRQ2jlwvMg54BMciw6zYi-UcSdrQBNV1fEZVQc09EDL8fA8LwnQLoUqfFCgXt767y8mzynmunUMxcLiFPaC8f8X76dtWBulgmBV6R5WqbTqVmnRl-jpFyLn-4WgkZoFz0XySEVyr_JBimf9aFPA16xQYuDehWnBU1vZ-6D6OcYi4hsLTx5asaAZw&ved=2ahUKEwikrZGj4_iTAxUPEVkFHThaMbEQ0NsOegQIAxAB&aep=10&ntc=1&cs=0&hl=en-US&biw=1280&bih=665.3333740234375&mstk=AUtExfCgu6aJ18-kzdIuFNLO3M0iC2PM-MdrKZyzysOFy-WvNvrkKQ0ykLWyXRu7zoUDIz36uTK2NAa0tW4Qhar3Ec0iQ_6alI39dKBWDL9cfUB6jOmjDLWDrbklHXvfn-yReur_c3t99LAwuEIEAFC6WsF-4fuzXOHy4S_i25oynjWgO8tsMxtLRgTe1gawi_wAwGZnF6Al7EsVlJL8xohCY1uh6ps7h6eC3XhYeWQcr2bZeqg2zx0QFBaTIkVznK9LJGcnZm8NhY-Fcg&csuir=1&mtid=CDLkaYm5DpCk5NoPhNbkyQE&udm=50&chrome_task_id=097d2884-ee22-425d-85b8-4af14b82ec29
2026-04-18T21:40:49.229621,tab_focus,chrome://contextual-tasks/?q=if+even+a+small+part+of+my+squash+is+moldy%2C+do+i+not+use+it&gs_lcrp=EgZjaHJvbWUyBggAEEUYOTIJCAEQIRgKGKABMgcIAhAhGI8CMgcIAxAhGI8C0gEJMTE4ODNqMGo3qAIAsAIA&sourceid=chrome&ie=UTF-8&fbs=ADc_l-aN0CWEZBOHjofHoaMMDiKpV6Bbbmx4QVaoKkiRQ2jlwvMg54BMciw6zYi-UcSdrQBNV1fEZVQc09EDL8fA8LwnQLoUqfFCgXt767y8mzynmunUMxcLiFPaC8f8X76dtWBulgmBV6R5WqbTqVmnRl-jpFyLn-4WgkZoFz0XySEVyr_JBimf9aFPA16xQYuDehWnBU1vZ-6D6OcYi4hsLTx5asaAZw&ved=2ahUKEwikrZGj4_iTAxUPEVkFHThaMbEQ0NsOegQIAxAB&aep=10&ntc=1&cs=0&hl=en-US&biw=1280&bih=665.3333740234375&mstk=AUtExfCgu6aJ18-kzdIuFNLO3M0iC2PM-MdrKZyzysOFy-WvNvrkKQ0ykLWyXRu7zoUDIz36uTK2NAa0tW4Qhar3Ec0iQ_6alI39dKBWDL9cfUB6jOmjDLWDrbklHXvfn-yReur_c3t99LAwuEIEAFC6WsF-4fuzXOHy4S_i25oynjWgO8tsMxtLRgTe1gawi_wAwGZnF6Al7EsVlJL8xohCY1uh6ps7h6eC3XhYeWQcr2bZeqg2zx0QFBaTIkVznK9LJGcnZm8NhY-Fcg&csuir=1&mtid=CDLkaYm5DpCk5NoPhNbkyQE&udm=50&chrome_task_id=097d2884-ee22-425d-85b8-4af14b82ec29
2026-04-18T21:40:49.231630,tab_focus,chrome://contextual-tasks/?q=if+even+a+small+part+of+my+squash+is+moldy%2C+do+i+not+use+it&gs_lcrp=EgZjaHJvbWUyBggAEEUYOTIJCAEQIRgKGKABMgcIAhAhGI8CMgcIAxAhGI8C0gEJMTE4ODNqMGo3qAIAsAIA&sourceid=chrome&ie=UTF-8&fbs=ADc_l-aN0CWEZBOHjofHoaMMDiKpV6Bbbmx4QVaoKkiRQ2jlwvMg54BMciw6zYi-UcSdrQBNV1fEZVQc09EDL8fA8LwnQLoUqfFCgXt767y8mzynmunUMxcLiFPaC8f8X76dtWBulgmBV6R5WqbTqVmnRl-jpFyLn-4WgkZoFz0XySEVyr_JBimf9aFPA16xQYuDehWnBU1vZ-6D6OcYi4hsLTx5asaAZw&ved=2ahUKEwikrZGj4_iTAxUPEVkFHThaMbEQ0NsOegQIAxAB&aep=10&ntc=1&cs=0&hl=en-US&biw=1280&bih=665.3333740234375&mstk=AUtExfCgu6aJ18-kzdIuFNLO3M0iC2PM-MdrKZyzysOFy-WvNvrkKQ0ykLWyXRu7zoUDIz36uTK2NAa0tW4Qhar3Ec0iQ_6alI39dKBWDL9cfUB6jOmjDLWDrbklHXvfn-yReur_c3t99LAwuEIEAFC6WsF-4fuzXOHy4S_i25oynjWgO8tsMxtLRgTe1gawi_wAwGZnF6Al7EsVlJL8xohCY1uh6ps7h6eC3XhYeWQcr2bZeqg2zx0QFBaTIkVznK9LJGcnZm8NhY-Fcg&csuir=1&mtid=CDLkaYm5DpCk5NoPhNbkyQE&udm=50&chrome_task_id=097d2884-ee22-425d-85b8-4af14b82ec29
2026-04-18T21:40:49.256847,tab_focus,chrome://contextual-tasks/?q=if+even+a+small+part+of+my+squash+is+moldy%2C+do+i+not+use+it&gs_lcrp=EgZjaHJvbWUyBggAEEUYOTIJCAEQIRgKGKABMgcIAhAhGI8CMgcIAxAhGI8C0gEJMTE4ODNqMGo3qAIAsAIA&sourceid=chrome&ie=UTF-8&fbs=ADc_l-aN0CWEZBOHjofHoaMMDiKpV6Bbbmx4QVaoKkiRQ2jlwvMg54BMciw6zYi-UcSdrQBNV1fEZVQc09EDL8fA8LwnQLoUqfFCgXt767y8mzynmunUMxcLiFPaC8f8X76dtWBulgmBV6R5WqbTqVmnRl-jpFyLn-4WgkZoFz0XySEVyr_JBimf9aFPA16xQYuDehWnBU1vZ-6D6OcYi4hsLTx5asaAZw&ved=2ahUKEwikrZGj4_iTAxUPEVkFHThaMbEQ0NsOegQIAxAB&aep=10&ntc=1&cs=0&hl=en-US&biw=1280&bih=665.3333740234375&mstk=AUtExfCgu6aJ18-kzdIuFNLO3M0iC2PM-MdrKZyzysOFy-WvNvrkKQ0ykLWyXRu7zoUDIz36uTK2NAa0tW4Qhar3Ec0iQ_6alI39dKBWDL9cfUB6jOmjDLWDrbklHXvfn-yReur_c3t99LAwuEIEAFC6WsF-4fuzXOHy4S_i25oynjWgO8tsMxtLRgTe1gawi_wAwGZnF6Al7EsVlJL8xohCY1uh6ps7h6eC3XhYeWQcr2bZeqg2zx0QFBaTIkVznK9LJGcnZm8NhY-Fcg&csuir=1&mtid=CDLkaYm5DpCk5NoPhNbkyQE&udm=50&chrome_task_id=097d2884-ee22-425d-85b8-4af14b82ec29
2026-04-18T21:41:00.097939,tab_focus,chrome://contextual-tasks/?q=if+even+a+small+part+of+my+squash+is+moldy%2C+do+i+not+use+it&gs_lcrp=EgZjaHJvbWUyBggAEEUYOTIJCAEQIRgKGKABMgcIAhAhGI8CMgcIAxAhGI8C0gEJMTE4ODNqMGo3qAIAsAIA&sourceid=chrome&ie=UTF-8&fbs=ADc_l-aN0CWEZBOHjofHoaMMDiKpV6Bbbmx4QVaoKkiRQ2jlwvMg54BMciw6zYi-UcSdrQBNV1fEZVQc09EDL8fA8LwnQLoUqfFCgXt767y8mzynmunUMxcLiFPaC8f8X76dtWBulgmBV6R5WqbTqVmnRl-jpFyLn-4WgkZoFz0XySEVyr_JBimf9aFPA16xQYuDehWnBU1vZ-6D6OcYi4hsLTx5asaAZw&ved=2ahUKEwikrZGj4_iTAxUPEVkFHThaMbEQ0NsOegQIAxAB&aep=10&ntc=1&cs=0&hl=en-US&biw=1280&bih=665.3333740234375&mstk=AUtExfCgu6aJ18-kzdIuFNLO3M0iC2PM-MdrKZyzysOFy-WvNvrkKQ0ykLWyXRu7zoUDIz36uTK2NAa0tW4Qhar3Ec0iQ_6alI39dKBWDL9cfUB6jOmjDLWDrbklHXvfn-yReur_c3t99LAwuEIEAFC6WsF-4fuzXOHy4S_i25oynjWgO8tsMxtLRgTe1gawi_wAwGZnF6Al7EsVlJL8xohCY1uh6ps7h6eC3XhYeWQcr2bZeqg2zx0QFBaTIkVznK9LJGcnZm8NhY-Fcg&csuir=1&mtid=CDLkaYm5DpCk5NoPhNbkyQE&udm=50&chrome_task_id=097d2884-ee22-425d-85b8-4af14b82ec29
2026-04-18T21:41:05.215320,tab_focus,chrome://contextual-tasks/?q=if+even+a+small+part+of+my+squash+is+moldy%2C+do+i+not+use+it&gs_lcrp=EgZjaHJvbWUyBggAEEUYOTIJCAEQIRgKGKABMgcIAhAhGI8CMgcIAxAhGI8C0gEJMTE4ODNqMGo3qAIAsAIA&sourceid=chrome&ie=UTF-8&fbs=ADc_l-aN0CWEZBOHjofHoaMMDiKpV6Bbbmx4QVaoKkiRQ2jlwvMg54BMciw6zYi-UcSdrQBNV1fEZVQc09EDL8fA8LwnQLoUqfFCgXt767y8mzynmunUMxcLiFPaC8f8X76dtWBulgmBV6R5WqbTqVmnRl-jpFyLn-4WgkZoFz0XySEVyr_JBimf9aFPA16xQYuDehWnBU1vZ-6D6OcYi4hsLTx5asaAZw&ved=2ahUKEwikrZGj4_iTAxUPEVkFHThaMbEQ0NsOegQIAxAB&aep=10&ntc=1&cs=0&hl=en-US&biw=1280&bih=665.3333740234375&mstk=AUtExfArXdOPlp4ZrB0OhfwBj-YZdIp4f1dBu6g-bJxL3Kk4TLPAaSx0Ck-I_jr42Zs4qAQPo9_FfF2cacA1oE12PCuw9e1cNxex7xAe45AEg5Y5gInIvJrr3hwq_6CNxTs4VDimBFNcFKAZvVi1u86X5DIdUZFnoQaxHr1JMYnSMSRioyQsZ9mhHNuLsE6snOV4C5KyksRPmGCeXzTKjZg3u86q7ReUhu9ibyWFi2BQPIzpY1wFqOQhmrMdBmXqzCBX3VLXBYPiTki-mg&csuir=1&mtid=CDLkaYm5DpCk5NoPhNbkyQE&udm=50&chrome_task_id=097d2884-ee22-425d-85b8-4af14b82ec29
2026-04-18T21:41:05.226031,tab_focus,chrome://contextual-tasks/?q=if+even+a+small+part+of+my+squash+is+moldy%2C+do+i+not+use+it&gs_lcrp=EgZjaHJvbWUyBggAEEUYOTIJCAEQIRgKGKABMgcIAhAhGI8CMgcIAxAhGI8C0gEJMTE4ODNqMGo3qAIAsAIA&sourceid=chrome&ie=UTF-8&fbs=ADc_l-aN0CWEZBOHjofHoaMMDiKpV6Bbbmx4QVaoKkiRQ2jlwvMg54BMciw6zYi-UcSdrQBNV1fEZVQc09EDL8fA8LwnQLoUqfFCgXt767y8mzynmunUMxcLiFPaC8f8X76dtWBulgmBV6R5WqbTqVmnRl-jpFyLn-4WgkZoFz0XySEVyr_JBimf9aFPA16xQYuDehWnBU1vZ-6D6OcYi4hsLTx5asaAZw&ved=2ahUKEwikrZGj4_iTAxUPEVkFHThaMbEQ0NsOegQIAxAB&aep=10&ntc=1&cs=0&hl=en-US&biw=1280&bih=665.3333740234375&mstk=AUtExfArXdOPlp4ZrB0OhfwBj-YZdIp4f1dBu6g-bJxL3Kk4TLPAaSx0Ck-I_jr42Zs4qAQPo9_FfF2cacA1oE12PCuw9e1cNxex7xAe45AEg5Y5gInIvJrr3hwq_6CNxTs4VDimBFNcFKAZvVi1u86X5DIdUZFnoQaxHr1JMYnSMSRioyQsZ9mhHNuLsE6snOV4C5KyksRPmGCeXzTKjZg3u86q7ReUhu9ibyWFi2BQPIzpY1wFqOQhmrMdBmXqzCBX3VLXBYPiTki-mg&csuir=1&mtid=CDLkaYm5DpCk5NoPhNbkyQE&udm=50&chrome_task_id=097d2884-ee22-425d-85b8-4af14b82ec29
2026-04-18T21:41:05.238563,tab_focus,chrome://contextual-tasks/?q=if+even+a+small+part+of+my+squash+is+moldy%2C+do+i+not+use+it&gs_lcrp=EgZjaHJvbWUyBggAEEUYOTIJCAEQIRgKGKABMgcIAhAhGI8CMgcIAxAhGI8C0gEJMTE4ODNqMGo3qAIAsAIA&sourceid=chrome&ie=UTF-8&fbs=ADc_l-aN0CWEZBOHjofHoaMMDiKpV6Bbbmx4QVaoKkiRQ2jlwvMg54BMciw6zYi-UcSdrQBNV1fEZVQc09EDL8fA8LwnQLoUqfFCgXt767y8mzynmunUMxcLiFPaC8f8X76dtWBulgmBV6R5WqbTqVmnRl-jpFyLn-4WgkZoFz0XySEVyr_JBimf9aFPA16xQYuDehWnBU1vZ-6D6OcYi4hsLTx5asaAZw&ved=2ahUKEwikrZGj4_iTAxUPEVkFHThaMbEQ0NsOegQIAxAB&aep=10&ntc=1&cs=0&hl=en-US&biw=1280&bih=665.3333740234375&mstk=AUtExfArXdOPlp4ZrB0OhfwBj-YZdIp4f1dBu6g-bJxL3Kk4TLPAaSx0Ck-I_jr42Zs4qAQPo9_FfF2cacA1oE12PCuw9e1cNxex7xAe45AEg5Y5gInIvJrr3hwq_6CNxTs4VDimBFNcFKAZvVi1u86X5DIdUZFnoQaxHr1JMYnSMSRioyQsZ9mhHNuLsE6snOV4C5KyksRPmGCeXzTKjZg3u86q7ReUhu9ibyWFi2BQPIzpY1wFqOQhmrMdBmXqzCBX3VLXBYPiTki-mg&csuir=1&mtid=CDLkaYm5DpCk5NoPhNbkyQE&udm=50&chrome_task_id=097d2884-ee22-425d-85b8-4af14b82ec29
2026-04-18T21:41:05.244900,tab_focus,chrome://contextual-tasks/?q=if+even+a+small+part+of+my+squash+is+moldy%2C+do+i+not+use+it&gs_lcrp=EgZjaHJvbWUyBggAEEUYOTIJCAEQIRgKGKABMgcIAhAhGI8CMgcIAxAhGI8C0gEJMTE4ODNqMGo3qAIAsAIA&sourceid=chrome&ie=UTF-8&fbs=ADc_l-aN0CWEZBOHjofHoaMMDiKpV6Bbbmx4QVaoKkiRQ2jlwvMg54BMciw6zYi-UcSdrQBNV1fEZVQc09EDL8fA8LwnQLoUqfFCgXt767y8mzynmunUMxcLiFPaC8f8X76dtWBulgmBV6R5WqbTqVmnRl-jpFyLn-4WgkZoFz0XySEVyr_JBimf9aFPA16xQYuDehWnBU1vZ-6D6OcYi4hsLTx5asaAZw&ved=2ahUKEwikrZGj4_iTAxUPEVkFHThaMbEQ0NsOegQIAxAB&aep=10&ntc=1&cs=0&hl=en-US&biw=1280&bih=665.3333740234375&mstk=AUtExfArXdOPlp4ZrB0OhfwBj-YZdIp4f1dBu6g-bJxL3Kk4TLPAaSx0Ck-I_jr42Zs4qAQPo9_FfF2cacA1oE12PCuw9e1cNxex7xAe45AEg5Y5gInIvJrr3hwq_6CNxTs4VDimBFNcFKAZvVi1u86X5DIdUZFnoQaxHr1JMYnSMSRioyQsZ9mhHNuLsE6snOV4C5KyksRPmGCeXzTKjZg3u86q7ReUhu9ibyWFi2BQPIzpY1wFqOQhmrMdBmXqzCBX3VLXBYPiTki-mg&csuir=1&mtid=CDLkaYm5DpCk5NoPhNbkyQE&udm=50&chrome_task_id=097d2884-ee22-425d-85b8-4af14b82ec29
2026-04-18T21:41:05.247507,tab_focus,chrome://contextual-tasks/?q=if+even+a+small+part+of+my+squash+is+moldy%2C+do+i+not+use+it&gs_lcrp=EgZjaHJvbWUyBggAEEUYOTIJCAEQIRgKGKABMgcIAhAhGI8CMgcIAxAhGI8C0gEJMTE4ODNqMGo3qAIAsAIA&sourceid=chrome&ie=UTF-8&fbs=ADc_l-aN0CWEZBOHjofHoaMMDiKpV6Bbbmx4QVaoKkiRQ2jlwvMg54BMciw6zYi-UcSdrQBNV1fEZVQc09EDL8fA8LwnQLoUqfFCgXt767y8mzynmunUMxcLiFPaC8f8X76dtWBulgmBV6R5WqbTqVmnRl-jpFyLn-4WgkZoFz0XySEVyr_JBimf9aFPA16xQYuDehWnBU1vZ-6D6OcYi4hsLTx5asaAZw&ved=2ahUKEwikrZGj4_iTAxUPEVkFHThaMbEQ0NsOegQIAxAB&aep=10&ntc=1&cs=0&hl=en-US&biw=1280&bih=665.3333740234375&mstk=AUtExfArXdOPlp4ZrB0OhfwBj-YZdIp4f1dBu6g-bJxL3Kk4TLPAaSx0Ck-I_jr42Zs4qAQPo9_FfF2cacA1oE12PCuw9e1cNxex7xAe45AEg5Y5gInIvJrr3hwq_6CNxTs4VDimBFNcFKAZvVi1u86X5DIdUZFnoQaxHr1JMYnSMSRioyQsZ9mhHNuLsE6snOV4C5KyksRPmGCeXzTKjZg3u86q7ReUhu9ibyWFi2BQPIzpY1wFqOQhmrMdBmXqzCBX3VLXBYPiTki-mg&csuir=1&mtid=CDLkaYm5DpCk5NoPhNbkyQE&udm=50&chrome_task_id=097d2884-ee22-425d-85b8-4af14b82ec29
2026-04-18T21:41:05.247507,tab_focus,chrome://contextual-tasks/?q=if+even+a+small+part+of+my+squash+is+moldy%2C+do+i+not+use+it&gs_lcrp=EgZjaHJvbWUyBggAEEUYOTIJCAEQIRgKGKABMgcIAhAhGI8CMgcIAxAhGI8C0gEJMTE4ODNqMGo3qAIAsAIA&sourceid=chrome&ie=UTF-8&fbs=ADc_l-aN0CWEZBOHjofHoaMMDiKpV6Bbbmx4QVaoKkiRQ2jlwvMg54BMciw6zYi-UcSdrQBNV1fEZVQc09EDL8fA8LwnQLoUqfFCgXt767y8mzynmunUMxcLiFPaC8f8X76dtWBulgmBV6R5WqbTqVmnRl-jpFyLn-4WgkZoFz0XySEVyr_JBimf9aFPA16xQYuDehWnBU1vZ-6D6OcYi4hsLTx5asaAZw&ved=2ahUKEwikrZGj4_iTAxUPEVkFHThaMbEQ0NsOegQIAxAB&aep=10&ntc=1&cs=0&hl=en-US&biw=1280&bih=665.3333740234375&mstk=AUtExfArXdOPlp4ZrB0OhfwBj-YZdIp4f1dBu6g-bJxL3Kk4TLPAaSx0Ck-I_jr42Zs4qAQPo9_FfF2cacA1oE12PCuw9e1cNxex7xAe45AEg5Y5gInIvJrr3hwq_6CNxTs4VDimBFNcFKAZvVi1u86X5DIdUZFnoQaxHr1JMYnSMSRioyQsZ9mhHNuLsE6snOV4C5KyksRPmGCeXzTKjZg3u86q7ReUhu9ibyWFi2BQPIzpY1wFqOQhmrMdBmXqzCBX3VLXBYPiTki-mg&csuir=1&mtid=CDLkaYm5DpCk5NoPhNbkyQE&udm=50&chrome_task_id=097d2884-ee22-425d-85b8-4af14b82ec29
2026-04-18T21:41:05.247507,tab_focus,chrome://contextual-tasks/?q=if+even+a+small+part+of+my+squash+is+moldy%2C+do+i+not+use+it&gs_lcrp=EgZjaHJvbWUyBggAEEUYOTIJCAEQIRgKGKABMgcIAhAhGI8CMgcIAxAhGI8C0gEJMTE4ODNqMGo3qAIAsAIA&sourceid=chrome&ie=UTF-8&fbs=ADc_l-aN0CWEZBOHjofHoaMMDiKpV6Bbbmx4QVaoKkiRQ2jlwvMg54BMciw6zYi-UcSdrQBNV1fEZVQc09EDL8fA8LwnQLoUqfFCgXt767y8mzynmunUMxcLiFPaC8f8X76dtWBulgmBV6R5WqbTqVmnRl-jpFyLn-4WgkZoFz0XySEVyr_JBimf9aFPA16xQYuDehWnBU1vZ-6D6OcYi4hsLTx5asaAZw&ved=2ahUKEwikrZGj4_iTAxUPEVkFHThaMbEQ0NsOegQIAxAB&aep=10&ntc=1&cs=0&hl=en-US&biw=1280&bih=665.3333740234375&mstk=AUtExfArXdOPlp4ZrB0OhfwBj-YZdIp4f1dBu6g-bJxL3Kk4TLPAaSx0Ck-I_jr42Zs4qAQPo9_FfF2cacA1oE12PCuw9e1cNxex7xAe45AEg5Y5gInIvJrr3hwq_6CNxTs4VDimBFNcFKAZvVi1u86X5DIdUZFnoQaxHr1JMYnSMSRioyQsZ9mhHNuLsE6snOV4C5KyksRPmGCeXzTKjZg3u86q7ReUhu9ibyWFi2BQPIzpY1wFqOQhmrMdBmXqzCBX3VLXBYPiTki-mg&csuir=1&mtid=CDLkaYm5DpCk5NoPhNbkyQE&udm=50&chrome_task_id=097d2884-ee22-425d-85b8-4af14b82ec29
2026-04-18T21:41:05.518624,tab_focus,chrome://contextual-tasks/?q=if+even+a+small+part+of+my+squash+is+moldy%2C+do+i+not+use+it&gs_lcrp=EgZjaHJvbWUyBggAEEUYOTIJCAEQIRgKGKABMgcIAhAhGI8CMgcIAxAhGI8C0gEJMTE4ODNqMGo3qAIAsAIA&sourceid=chrome&ie=UTF-8&fbs=ADc_l-aN0CWEZBOHjofHoaMMDiKpV6Bbbmx4QVaoKkiRQ2jlwvMg54BMciw6zYi-UcSdrQBNV1fEZVQc09EDL8fA8LwnQLoUqfFCgXt767y8mzynmunUMxcLiFPaC8f8X76dtWBulgmBV6R5WqbTqVmnRl-jpFyLn-4WgkZoFz0XySEVyr_JBimf9aFPA16xQYuDehWnBU1vZ-6D6OcYi4hsLTx5asaAZw&ved=2ahUKEwikrZGj4_iTAxUPEVkFHThaMbEQ0NsOegQIAxAB&aep=10&ntc=1&cs=0&hl=en-US&biw=1280&bih=665.3333740234375&mstk=AUtExfArXdOPlp4ZrB0OhfwBj-YZdIp4f1dBu6g-bJxL3Kk4TLPAaSx0Ck-I_jr42Zs4qAQPo9_FfF2cacA1oE12PCuw9e1cNxex7xAe45AEg5Y5gInIvJrr3hwq_6CNxTs4VDimBFNcFKAZvVi1u86X5DIdUZFnoQaxHr1JMYnSMSRioyQsZ9mhHNuLsE6snOV4C5KyksRPmGCeXzTKjZg3u86q7ReUhu9ibyWFi2BQPIzpY1wFqOQhmrMdBmXqzCBX3VLXBYPiTki-mg&csuir=1&mtid=CDLkaYm5DpCk5NoPhNbkyQE&udm=50&chrome_task_id=097d2884-ee22-425d-85b8-4af14b82ec29
2026-04-18T21:41:14.553262,tab_focus,https://www.youtube.com/
2026-04-18T21:41:28.760141,tab_focus,https://www.youtube.com/shorts/QIbEpglJzgQ
2026-04-18T21:42:10.304871,tab_focus,https://www.youtube.com/
2026-04-18T21:42:10.307896,tab_focus,https://www.youtube.com/shorts/1ujlCu5BEK0
2026-04-18T21:43:01.524115,tab_focus,https://www.youtube.com/shorts/1ujlCu5BEK0
2026-04-18T21:43:01.709430,tab_focus,https://www.youtube.com/shorts/PtsV50yDUIc
2026-04-18T21:43:07.467747,tab_focus,https://www.youtube.com/shorts/PtsV50yDUIc
2026-04-18T21:43:07.749803,tab_focus,https://www.youtube.com/shorts/dFrj1-rc0MA
2026-04-18T21:45:56.723340,tab_focus,https://www.youtube.com/shorts/dFrj1-rc0MA
2026-04-18T21:45:57.043887,tab_focus,https://www.youtube.com/shorts/DdAHSFRTVvk
2026-04-18T21:45:59.271266,tab_focus,https://www.youtube.com/shorts/DdAHSFRTVvk
2026-04-18T21:45:59.536178,tab_focus,https://www.youtube.com/shorts/dYJK8nivPnc
2026-04-18T21:50:36.325617,tab_focus,https://www.youtube.com/shorts/dYJK8nivPnc
2026-04-18T21:50:36.588896,tab_focus,https://www.youtube.com/shorts/mhIParBJ9VI
2026-04-18T21:50:39.921584,tab_focus,https://www.youtube.com/shorts/mhIParBJ9VI
2026-04-18T21:50:40.157248,tab_focus,https://www.youtube.com/shorts/PsFwYxdZERw
2026-04-18T21:51:47.082193,tab_focus,https://www.youtube.com/shorts/PsFwYxdZERw
2026-04-18T21:51:47.324229,tab_focus,https://www.youtube.com/shorts/b8nVejd9CDY
2026-04-18T21:51:55.441097,tab_focus,https://www.youtube.com/shorts/b8nVejd9CDY
2026-04-18T21:51:55.583831,tab_focus,https://www.youtube.com/shorts/PsFwYxdZERw
2026-04-18T21:51:56.318093,tab_focus,https://www.youtube.com/shorts/PsFwYxdZERw
2026-04-18T21:51:56.446355,tab_focus,https://www.youtube.com/shorts/b8nVejd9CDY
2026-04-18T21:51:57.427644,tab_focus,https://www.youtube.com/shorts/b8nVejd9CDY
2026-04-18T21:51:57.604831,tab_focus,https://www.youtube.com/shorts/2ZyKAN-kkx8
2026-04-18T21:52:25.015746,tab_focus,https://www.youtube.com/shorts/2ZyKAN-kkx8
2026-04-18T21:52:25.228913,tab_focus,https://www.youtube.com/shorts/ID6JYoW8Tic
2026-04-18T21:53:26.723919,tab_focus,https://www.youtube.com/shorts/ID6JYoW8Tic
2026-04-18T21:53:26.864685,tab_focus,https://www.youtube.com/shorts/zp59t2oxo0Q
2026-04-18T21:55:49.447599,tab_focus,https://www.youtube.com/shorts/zp59t2oxo0Q
2026-04-18T21:55:49.751343,tab_focus,https://www.youtube.com/shorts/vit0a1p4VZA
2026-04-18T21:56:16.722243,tab_focus,https://www.youtube.com/shorts/vit0a1p4VZA
2026-04-18T21:56:17.030751,tab_focus,https://www.youtube.com/shorts/1gNNf0-Lj_0
2026-04-18T21:57:30.829402,tab_focus,https://www.youtube.com/shorts/1gNNf0-Lj_0
2026-04-18T21:57:31.247035,tab_focus,https://www.youtube.com/shorts/7G9NTuIC5kM
2026-04-18T21:57:32.352438,tab_focus,https://www.youtube.com/shorts/7G9NTuIC5kM
2026-04-18T21:57:32.642766,tab_focus,https://www.youtube.com/shorts/OjO5TP-Gt-M
2026-04-18T21:58:25.014118,tab_focus,https://www.youtube.com/shorts/OjO5TP-Gt-M
2026-04-18T21:58:25.204119,tab_focus,https://www.youtube.com/shorts/ZV45CbShhjo
2026-04-18T21:58:34.684725,tab_focus,https://www.youtube.com/shorts/ZV45CbShhjo
2026-04-18T21:58:34.904017,tab_focus,https://www.youtube.com/shorts/A8q_L7rMDCw
2026-04-18T22:00:33.525261,tab_focus,https://www.youtube.com/shorts/A8q_L7rMDCw
2026-04-18T22:00:33.809359,tab_focus,https://www.youtube.com/shorts/UDeAGagMP04
2026-04-18T22:00:45.685008,tab_focus,chrome://newtab/
2026-04-18T22:00:51.880398,focused,https://www.google.com/search?q=are+hamburgers+german&oq=are+hambur&gs_lcrp=EgZjaHJvbWUqCggAEAAY4wIYgAQyCggAEAAY4wIYgAQyBwgBEC4YgAQyBggCEEUYOTIHCAMQABiABDIHCAQQABiABDIHCAUQABiABDIHCAYQABiABDIHCAcQABiABDIHCAgQABiABDIHCAkQABiABNIBCDIzODlqMGo3qAIAsAIA&sourceid=chrome&ie=UTF-8
2026-04-18T22:00:58.996799,tab_focus,chrome://newtab/
2026-04-18T22:01:08.635710,focused,https://www.google.com/search?q=are+french+fries+not+american&oq=are+french+fries+not+american&gs_lcrp=EgZjaHJvbWUyBggAEEUYOTIICAEQABgWGB4yDQgCEAAYhgMYgAQYigUyDQgDEAAYhgMYgAQYigUyDQgEEAAYhgMYgAQYigUyDQgFEAAYhgMYgAQYigUyBwgGEAAY7wUyBwgHEAAY7wUyBwgIEAAY7wXSAQg2MTA4ajBqN6gCALACAA&sourceid=chrome&ie=UTF-8
2026-04-18T22:01:22.652153,focused,https://www.google.com/search?q=what+is+truly+american+food&sca_esv=c8c748bd08932296&sxsrf=ANbL-n5feiiZI4-WCrqs77iWLwGbLED8Fg%3A1776564067108&ei=YzfkaaSqBq6IptQPxf6-yQ8&biw=1280&bih=665&oq=what+is+tr&gs_lp=Egxnd3Mtd2l6LXNlcnAiCndoYXQgaXMgdHIqAggAMgsQABiABBiRAhiKBTILEAAYgAQYkQIYigUyCxAAGIAEGJECGIoFMgsQABiABBiRAhiKBTIIEAAYgAQYsQMyCBAAGIAEGLEDMggQABiABBixAzIIEAAYgAQYsQMyBRAAGIAEMgUQABiABEjFQlDwKFjROXAFeAGQAQCYAacBoAGsCqoBAzMuOLgBA8gBAPgBAZgCEKACmAvCAgoQABiwAxjWBBhHwgIKECMYgAQYJxiKBcICDRAjGIAEGCcYyQIYigXCAgQQIxgnwgIQEAAYgAQYsQMYQxiDARiKBcICCxAuGIAEGLEDGIMBwgIREC4YgAQYsQMY0QMYgwEYxwHCAg4QLhiABBixAxiDARiKBcICChAAGIAEGEMYigXCAhAQLhiABBhDGMcBGIoFGK8BwgIOEC4YgAQYsQMY0QMYxwHCAgoQIxjwBRgnGJ4GwgIOEAAYgAQYsQMYgwEYigWYAwCIBgGQBgiSBwM4LjigB7t_sgcDMy44uAf6CsIHBjItMTUuMcgHT4AIAA&sclient=gws-wiz-serp
2026-04-18T22:01:34.779449,tab_focus,https://www.youtube.com/shorts/UDeAGagMP04
2026-04-18T22:01:34.941587,tab_focus,https://www.youtube.com/shorts/LDXrWn9aEuM
2026-04-18T22:04:26.807008,tab_focus,https://www.youtube.com/shorts/LDXrWn9aEuM
2026-04-18T22:04:27.066296,tab_focus,https://www.youtube.com/shorts/QoMs7azFm7U
2026-04-18T22:05:35.883745,tab_focus,https://www.youtube.com/watch?v=QoMs7azFm7U&lc=UgzCMfg_u52avYbe8sZ4AaABAg
2026-04-18T22:05:37.815824,tab_focus,https://www.youtube.com/shorts/QoMs7azFm7U
2026-04-18T22:05:37.870199,tab_focus,https://www.youtube.com/shorts/QoMs7azFm7U
2026-04-18T22:05:38.182623,tab_focus,https://www.youtube.com/shorts/QoMs7azFm7U
2026-04-18T22:05:38.521325,tab_focus,https://www.youtube.com/shorts/LDXrWn9aEuM
2026-04-18T22:05:40.466236,tab_focus,https://www.youtube.com/shorts/LDXrWn9aEuM
2026-04-18T22:05:40.626339,tab_focus,https://www.youtube.com/shorts/QoMs7azFm7U
2026-04-18T22:06:01.000169,tab_focus,https://www.youtube.com/shorts/QoMs7azFm7U
2026-04-18T22:06:01.549566,tab_focus,https://www.youtube.com/shorts/sHGYb_Lhsgc
2026-04-18T22:07:03.798596,tab_focus,https://www.youtube.com/shorts/sHGYb_Lhsgc
2026-04-18T22:07:04.076752,tab_focus,https://www.youtube.com/shorts/A7gSTMjlFAs
2026-04-18T22:08:00.850580,tab_focus,https://www.youtube.com/shorts/A7gSTMjlFAs
2026-04-18T22:08:01.280317,tab_focus,https://www.youtube.com/shorts/bqGJ9U1Yhhc
2026-04-18T22:08:05.840808,tab_focus,https://www.youtube.com/shorts/bqGJ9U1Yhhc
2026-04-18T22:08:06.209478,tab_focus,https://www.youtube.com/shorts/am5ApHQocPU
2026-04-18T22:08:08.769676,tab_focus,https://www.youtube.com/shorts/am5ApHQocPU
2026-04-18T22:08:08.943961,tab_focus,https://www.youtube.com/shorts/Di0OPi7fk9w
2026-04-18T22:08:24.986782,tab_focus,https://www.youtube.com/shorts/Di0OPi7fk9w
2026-04-18T22:08:25.182139,tab_focus,https://www.youtube.com/shorts/A4shkNyUVCQ
2026-04-18T22:10:00.759703,tab_focus,https://www.youtube.com/shorts/A4shkNyUVCQ
2026-04-18T22:10:01.016337,tab_focus,https://www.youtube.com/shorts/X7EulVUWLMQ
2026-04-18T22:11:06.530442,tab_focus,https://www.youtube.com/shorts/X7EulVUWLMQ
2026-04-18T22:11:06.822484,tab_focus,https://www.youtube.com/shorts/pVVBtGB5FI8
2026-04-18T22:11:11.974131,tab_focus,https://www.youtube.com/shorts/pVVBtGB5FI8
2026-04-18T22:11:12.232661,tab_focus,https://www.youtube.com/shorts/U_qBP2962mc
2026-04-18T22:11:28.712093,tab_focus,https://www.youtube.com/shorts/U_qBP2962mc
2026-04-18T22:11:28.971899,tab_focus,https://www.youtube.com/shorts/FST_p_ZxWfQ
2026-04-18T22:12:46.803673,tab_focus,https://www.youtube.com/shorts/FST_p_ZxWfQ
2026-04-18T22:12:47.140845,tab_focus,https://www.youtube.com/shorts/tYrLQ3TjQkI
2026-04-18T22:12:51.630851,tab_focus,https://www.youtube.com/shorts/tYrLQ3TjQkI
2026-04-18T22:12:51.862753,tab_focus,https://www.youtube.com/shorts/7ZQh002Inkc
2026-04-18T22:12:53.213651,tab_focus,https://www.youtube.com/shorts/7ZQh002Inkc
2026-04-18T22:12:53.398880,tab_focus,https://www.youtube.com/shorts/tYrLQ3TjQkI
2026-04-18T22:13:01.667220,tab_focus,https://www.youtube.com/shorts/tYrLQ3TjQkI
2026-04-18T22:13:01.845543,tab_focus,https://www.youtube.com/shorts/FST_p_ZxWfQ
2026-04-18T22:13:03.066477,tab_focus,https://www.youtube.com/shorts/FST_p_ZxWfQ
2026-04-18T22:13:03.165003,tab_focus,https://www.youtube.com/shorts/tYrLQ3TjQkI
2026-04-18T22:13:08.282367,tab_focus,https://www.youtube.com/shorts/tYrLQ3TjQkI
2026-04-18T22:13:49.797703,tab_focus,https://www.youtube.com/shorts/tYrLQ3TjQkI
2026-04-18T22:13:49.799719,tab_focus,https://www.youtube.com/shorts/tYrLQ3TjQkI
2026-04-18T22:13:50.183477,tab_focus,https://www.youtube.com/shorts/8EKHJADItng
2026-04-18T22:16:51.412553,tab_focus,https://www.youtube.com/shorts/8EKHJADItng
2026-04-18T22:16:51.604279,tab_focus,https://www.youtube.com/shorts/T-K2qbZmR8A
2026-04-18T22:16:55.683905,tab_focus,https://www.youtube.com/shorts/T-K2qbZmR8A
2026-04-18T22:16:55.896530,tab_focus,https://www.youtube.com/shorts/YOrF5GZUHCg
2026-04-18T22:17:30.675297,tab_focus,https://www.youtube.com/shorts/YOrF5GZUHCg
2026-04-18T22:17:31.337647,tab_focus,https://www.youtube.com/shorts/rocK-s2Q5xI
2026-04-18T22:17:32.743062,tab_focus,https://www.youtube.com/shorts/rocK-s2Q5xI
2026-04-18T22:17:32.934065,tab_focus,https://www.youtube.com/shorts/R1nR2Tt1Upw
2026-04-18T22:18:32.610607,tab_focus,https://www.youtube.com/shorts/R1nR2Tt1Upw
2026-04-18T22:18:32.976206,tab_focus,https://www.youtube.com/shorts/oN_r9ISNkQU
2026-04-18T22:18:35.834864,tab_focus,https://www.youtube.com/shorts/oN_r9ISNkQU
2026-04-18T22:18:35.968273,tab_focus,https://www.youtube.com/shorts/ozvofXdeZlY
2026-04-18T22:21:40.932979,tab_focus,https://www.youtube.com/shorts/ozvofXdeZlY
2026-04-18T22:21:41.228212,tab_focus,https://www.youtube.com/shorts/qMHBZ95yZXY
2026-04-18T22:21:45.357527,tab_focus,https://www.youtube.com/shorts/qMHBZ95yZXY
2026-04-18T22:21:45.485014,tab_focus,https://www.youtube.com/shorts/lTRzChiDNWM
2026-04-18T22:22:58.574197,tab_focus,chrome://newtab/
2026-04-18T22:23:27.500552,tab_focus,https://www.youtube.com/shorts/lTRzChiDNWM
2026-04-18T22:23:27.644014,tab_focus,https://www.youtube.com/shorts/4DgcJ69eJNI
2026-04-18T22:23:35.845764,tab_focus,https://www.youtube.com/shorts/4DgcJ69eJNI
2026-04-18T22:23:36.033764,tab_focus,https://www.youtube.com/shorts/OEnx4q_CB8Y
2026-04-18T22:24:47.892366,tab_focus,https://www.youtube.com/shorts/OEnx4q_CB8Y
2026-04-18T22:24:48.082834,tab_focus,https://www.youtube.com/shorts/kVpc-c-8c78
2026-04-18T23:06:10.553004,focused,https://chatgpt.com/c/69cda7ef-48b0-832d-9f4f-9b8d1404048e
2026-04-18T23:06:10.604140,focused,https://chatgpt.com/c/69cda7ef-48b0-832d-9f4f-9b8d1404048e
2026-04-18T23:08:05.031691,tab_focus,chrome://newtab/
2026-04-18T23:08:07.091634,focused,http://127.0.0.1:5000/
2026-04-18T23:11:21.649320,focused,https://leetcode.com/problems/relative-ranks/description/
2026-04-18T23:11:47.700163,tab_focus,chrome://newtab/
2026-04-18T23:37:18.730360,tab_focus,chrome://newtab/
2026-04-18T23:37:20.612295,focused,http://127.0.0.1:5000/
2026-04-19T16:58:20.881878,tab_focus,chrome://newtab/
2026-04-19T16:58:21.617888,focused,http://127.0.0.1:5000/
2026-04-19T16:58:28.231594,tab_focus,chrome://newtab/
2026-04-19T16:58:31.797584,focused,https://docs.google.com/document/u/0/
2026-04-19T16:58:34.653940,tab_focus,chrome://newtab/
2026-04-19T16:58:39.734776,tab_focus,https://www.youtube.com/
2026-04-19T17:10:41.474033,tab_focus,chrome://newtab/
2026-04-19T17:10:45.947523,focused,https://docs.google.com/document/u/0/
2026-04-19T17:10:47.974486,tab_focus,chrome://newtab/
2026-04-19T17:10:52.104698,tab_focus,https://www.youtube.com/
2026-04-19T17:11:34.082258,tab_focus,chrome://newtab/
2026-04-19T17:11:41.003800,tab_focus,https://www.youtube.com/
2026-04-19T17:11:42.059090,tab_focus,chrome://newtab/
2026-04-19T17:11:46.028009,focused,https://docs.google.com/document/u/0/
2026-04-19T17:13:51.429048,focused,http://127.0.0.1:5000/
2026-04-19T17:13:52.341178,focused,http://127.0.0.1:5000/
2026-04-19T17:14:20.307860,tab_focus,chrome://newtab/
2026-04-19T17:14:30.964106,tab_focus,chrome://newtab/
2026-04-19T17:14:32.946195,focused,https://docs.google.com/document/u/0/
2026-04-19T20:12:32.225197,tab_focus,http://127.0.0.1:5000/status
2026-04-19T20:12:37.321640,tab_focus,http://127.0.0.1:5000/
2026-04-19T20:12:44.769085,tab_switch,chrome://extensions/
2026-04-19T20:12:52.279111,tab_switch,https://chatgpt.com/c/69cda7ef-48b0-832d-9f4f-9b8d1404048e
2026-04-19T20:12:54.750102,focused,https://docs.google.com/document/u/0/
2026-04-19T20:12:57.404476,tab_switch,https://www.youtube.com/
2026-04-19T20:12:59.730983,tab_focus,chrome://newtab/
2026-04-19T20:13:04.836760,tab_focus,https://www.youtube.com/
2026-04-19T20:13:24.535677,tab_switch,https://chatgpt.com/c/69cda7ef-48b0-832d-9f4f-9b8d1404048e
2026-04-19T20:13:32.293522,tab_switch,https://www.youtube.com/
2026-04-19T20:13:39.102422,tab_switch,https://chatgpt.com/c/69cda7ef-48b0-832d-9f4f-9b8d1404048e
2026-04-20T01:00:55.762351,tab_focus,http://127.0.0.1:5000/
2026-04-20T01:01:22.223752,tab_switch,https://chatgpt.com/c/69cda7ef-48b0-832d-9f4f-9b8d1404048e
2026-04-20T19:20:10.632078,tab_switch,http://127.0.0.1:5000/
2026-04-20T19:20:12.406317,tab_focus,http://127.0.0.1:5000/
2026-04-20T19:20:43.930243,tab_switch,https://chatgpt.com/c/69cda7ef-48b0-832d-9f4f-9b8d1404048e
2026-04-20T19:21:39.124004,tab_focus,chrome://newtab/
2026-04-20T19:21:44.142471,tab_switch,https://chatgpt.com/c/69cda7ef-48b0-832d-9f4f-9b8d1404048e
2026-04-20T19:22:13.030293,tab_focus,chrome://newtab/
2026-04-20T19:22:14.016031,tab_focus,http://127.0.0.1:5000/status
2026-04-20T19:22:27.579870,tab_switch,https://chatgpt.com/c/69cda7ef-48b0-832d-9f4f-9b8d1404048e
2026-04-20T19:22:30.991842,tab_switch,http://127.0.0.1:5000/status
2026-04-20T19:22:35.426197,tab_switch,https://chatgpt.com/c/69cda7ef-48b0-832d-9f4f-9b8d1404048e
2026-04-20T19:25:07.726008,tab_switch,http://127.0.0.1:5000/
2026-04-20T19:25:13.081409,tab_switch,https://chatgpt.com/c/69cda7ef-48b0-832d-9f4f-9b8d1404048e
2026-04-20T19:40:04.107777,tab_switch,http://127.0.0.1:5000/
2026-04-20T19:40:05.537352,tab_focus,http://127.0.0.1:5000/
2026-04-20T19:40:29.519774,tab_switch,http://127.0.0.1:5000/status
2026-04-20T19:40:31.822452,tab_focus,http://127.0.0.1:5000/status
2026-04-20T19:40:40.336068,tab_switch,http://127.0.0.1:5000/
2026-04-20T19:40:52.035942,tab_switch,https://chatgpt.com/c/69cda7ef-48b0-832d-9f4f-9b8d1404048e
2026-04-21T17:35:52.034676,tab_switch,http://127.0.0.1:5000/
2026-04-21T17:35:52.886918,tab_switch,http://127.0.0.1:5000/status
2026-04-21T17:35:59.795967,tab_focus,http://127.0.0.1:5000/status
2026-04-21T17:37:55.039545,tab_switch,https://chatgpt.com/c/69cda7ef-48b0-832d-9f4f-9b8d1404048e
2026-04-21T17:38:21.229150,tab_switch,http://127.0.0.1:5000/status
2026-04-21T17:38:27.588206,tab_switch,https://chatgpt.com/c/69cda7ef-48b0-832d-9f4f-9b8d1404048e
2026-04-21T17:40:50.156879,tab_switch,http://127.0.0.1:5000/
2026-04-21T17:41:05.955838,tab_focus,http://127.0.0.1:5000/
2026-04-21T17:41:51.943877,tab_switch,http://127.0.0.1:5000/status
2026-04-21T17:41:53.940678,tab_focus,http://127.0.0.1:5000/status
2026-04-21T17:41:56.161120,tab_switch,http://127.0.0.1:5000/
2026-04-21T17:42:03.770378,tab_switch,http://127.0.0.1:5000/status
2026-04-21T17:42:05.170627,tab_focus,http://127.0.0.1:5000/status
2026-04-21T17:42:13.383505,tab_switch,http://127.0.0.1:5000/
2026-04-21T17:42:16.943013,tab_switch,chrome://newtab/
2026-04-21T17:42:21.860059,tab_switch,http://127.0.0.1:5000/
2026-04-21T17:42:22.717548,focused,https://docs.google.com/document/u/0/
2026-04-21T17:42:24.033677,focused,https://docs.google.com/document/u/0/
2026-04-21T17:43:09.381200,tab_switch,http://127.0.0.1:5000/status
2026-04-21T17:43:10.938112,tab_focus,http://127.0.0.1:5000/status
2026-04-21T17:43:14.967429,tab_switch,http://127.0.0.1:5000/
2026-04-21T17:44:40.282308,focused,http://127.0.0.1:5000/
2026-04-21T17:44:41.455129,focused,http://127.0.0.1:5000/
2026-04-21T17:44:52.504628,focused,http://127.0.0.1:5000/status
2026-04-21T17:44:53.825926,focused,http://127.0.0.1:5000/status
2026-04-21T17:45:01.187399,focused,http://127.0.0.1:5000/
2026-04-21T17:46:21.821312,focused,https://docs.google.com/document/u/0/
2026-04-21T17:46:23.636088,focused,http://127.0.0.1:5000/
2026-04-21T17:46:26.492867,focused,https://docs.google.com/document/u/0/
2026-04-21T17:46:27.683497,focused,http://127.0.0.1:5000/
2026-04-21T17:46:52.355057,focused,https://docs.google.com/document/u/0/
2026-04-21T17:46:53.445923,focused,http://127.0.0.1:5000/
2026-04-21T17:47:16.907369,focused,http://127.0.0.1:5000/status
2026-04-21T17:47:18.775198,focused,http://127.0.0.1:5000/status
2026-04-21T17:47:26.910056,focused,http://127.0.0.1:5000/
2026-04-21T17:48:19.935258,focused,http://127.0.0.1:5000/
2026-04-21T17:48:47.244870,focused,http://127.0.0.1:5000/
2026-04-21T17:49:09.768556,focused,http://127.0.0.1:5000/
2026-04-21T17:49:51.050896,focused,https://docs.google.com/document/u/0/
2026-04-21T17:49:51.980768,focused,http://127.0.0.1:5000/
2026-04-21T17:49:57.587180,focused,http://127.0.0.1:5000/status
2026-04-21T17:49:59.559790,focused,http://127.0.0.1:5000/status
2026-04-21T17:50:02.252380,focused,http://127.0.0.1:5000/
2026-04-21T17:50:10.115716,focused,http://127.0.0.1:5000/
2026-04-21T17:50:12.359199,tab_switch,https://chatgpt.com/c/69cda7ef-48b0-832d-9f4f-9b8d1404048e
2026-04-21T17:50:15.615521,focused,http://127.0.0.1:5000/
2026-04-21T17:50:25.114127,focused,http://127.0.0.1:5000/
2026-04-21T17:50:52.381282,focused,http://127.0.0.1:5000/
2026-04-21T17:50:53.481195,focused,http://127.0.0.1:5000/
2026-04-21T17:54:37.331124,focused,http://127.0.0.1:5000/
2026-04-21T17:54:39.340954,focused,http://127.0.0.1:5000/
2026-04-21T17:58:32.353483,focused,http://127.0.0.1:5000/
2026-04-21T17:58:33.901534,focused,http://127.0.0.1:5000/
2026-04-21T18:06:46.078029,focused,http://127.0.0.1:5000/
2026-04-21T18:06:47.486624,tab_switch,https://chatgpt.com/c/69cda7ef-48b0-832d-9f4f-9b8d1404048e
2026-04-21T18:07:27.382187,focused,http://127.0.0.1:5000/status
2026-04-21T18:07:30.295549,focused,http://127.0.0.1:5000/status
2026-04-21T18:07:31.849004,focused,http://127.0.0.1:5000/
2026-04-21T18:07:34.420630,tab_switch,https://chatgpt.com/c/69cda7ef-48b0-832d-9f4f-9b8d1404048e
2026-04-21T18:12:50.923284,tab_switch,chrome://newtab/
2026-04-21T18:13:30.929847,tab_switch,https://www.google.com/search?q=where+to+look+for+affordable%2C+more+modest+prom+dresse&oq=where+to+look+for+affordable%2C+more+modest+prom+dresse&gs_lcrp=EgZjaHJvbWUyBggAEEUYOTIHCAEQIRigATIHCAIQIRigATIHCAMQIRigATIHCAQQIRigATIHCAUQIRigATIHCAYQIRirAjIHCAcQIRiPAjIHCAgQIRiPAtIBCDk4NzZqMGo3qAIAsAIA&sourceid=chrome&ie=UTF-8
2026-04-21T18:13:34.939364,tab_switch,https://www.amazon.com/dp/B0GWD6C98K/ref=sspa_dk_detail_2?pd_rd_i=B0GWD6C98K&pd_rd_w=cVuQm&content-id=amzn1.sym.613a5a0c-ad86-44dc-b9ed-5da62fb83b9e&pf_rd_p=613a5a0c-ad86-44dc-b9ed-5da62fb83b9e&pf_rd_r=48NZ75EDD53CG7ENQRXN&pd_rd_wg=bPfAm&pd_rd_r=c55197be-36b2-49fe-abcf-b06c37a6d67a&sp_csd=d2lkZ2V0TmFtZT1zcF9kZXRhaWw&th=1&psc=1
2026-04-21T18:13:37.475889,tab_switch,https://www.windsorstore.com/collections/occasions-graduation-dresses-white/products/classy-icon-open-back-midi-dress-05102000458010?variant=43701980856371
2026-04-21T18:13:38.883069,tab_switch,chrome://newtab/
2026-04-21T18:13:40.553017,tab_switch,https://www.azazie.com/products/thyme-light-grayt-a-line-3d-flowers-prom-dress-prom-and-homecoming-dresses/107437624?sourceTag=atelier_prom_dresses
2026-04-21T18:13:42.150266,tab_switch,https://www.azazie.com/all/atelier-prom-dresses/with/length/floor-length
2026-04-21T18:13:43.474253,tab_switch,https://www.azazie.com/products/floria-soft-pink-maxi-dress-atelier-dress/48374545?sourceTag=atelier_formal_dresses&size=us_0
2026-04-21T18:13:46.280037,tab_switch,https://www.azazie.com/all/atelier-formal-dresses
2026-04-21T18:14:52.606255,tab_focus,https://www.youtube.com/
2026-04-21T18:15:13.819889,tab_focus,https://www.youtube.com/
2026-04-21T18:15:13.821550,tab_focus,https://www.youtube.com/shorts/D8WRWcSAoFI
2026-04-21T18:16:30.699805,tab_switch,https://catalog.gatech.edu/academics/undergraduate/credit-tests-scores/advanced-placement-exams/
2026-04-21T18:16:35.512614,tab_switch,https://mail.google.com/mail/u/0/?tab=rm&ogbl#inbox?projector=1
2026-04-21T18:16:37.401187,tab_switch,https://catalog.gatech.edu/academics/undergraduate/credit-tests-scores/advanced-placement-exams/
2026-04-21T18:16:39.208481,tab_switch,https://mail.google.com/mail/u/0/?tab=rm&ogbl#inbox?projector=1
2026-04-21T18:16:42.846002,tab_focus,https://mail.google.com/mail/u/0/?tab=rm&ogbl#inbox?projector=1
2026-04-21T18:16:48.620987,tab_focus,https://mail.google.com/mail/u/0/?tab=rm&ogbl#inbox/FMfcgzQgLXlCRmvkgMlvLTbpqjhJVlKk
2026-04-21T18:16:57.066702,tab_focus,https://mail.google.com/mail/u/0/?tab=rm&ogbl#inbox
2026-04-21T18:16:58.314327,tab_switch,chrome://newtab/
2026-04-21T18:17:02.028980,tab_focus,https://www.youtube.com/
2026-04-21T18:17:11.013691,tab_focus,https://www.youtube.com/
2026-04-21T18:17:11.018031,tab_focus,https://www.youtube.com/shorts/BYWRIiDsvsA
2026-04-21T18:17:20.948976,tab_switch,https://introphys.gatech.edu/2020/Spring/2211/Announcements/formcons.pdf
2026-04-21T18:17:22.521684,tab_focus,chrome://newtab/
2026-04-21T18:51:24.934282,focused,http://127.0.0.1:5000/
2026-04-21T18:51:26.913979,focused,http://127.0.0.1:5000/
2026-04-21T18:51:28.901399,focused,http://127.0.0.1:5000/status
2026-04-21T18:51:30.221392,focused,http://127.0.0.1:5000/status
2026-04-21T18:51:31.675053,focused,http://127.0.0.1:5000/
2026-04-21T18:51:36.164711,tab_switch,https://chatgpt.com/c/69cda7ef-48b0-832d-9f4f-9b8d1404048e
2026-04-21T19:04:40.818585,tab_focus,chrome://newtab/
2026-04-21T19:04:47.549921,tab_focus,https://www.google.com/search?sca_esv=90400c0a8b8f484b&sxsrf=ANbL-n4RNgLH2EVqUg1mWN0z8JyOjy1U-w:1776812685160&q=kunal%27s+wife+miss+india&sa=X&ved=2ahUKEwj5vrmHh4CUAxV5kYkEHYm_NZYQ7xYoAHoECA8QAQ&biw=638&bih=664&dpr=1.5
2026-04-21T19:04:50.138215,tab_focus,https://www.google.com/search?sca_esv=90400c0a8b8f484b&sxsrf=ANbL-n4RNgLH2EVqUg1mWN0z8JyOjy1U-w:1776812685160&q=kunal%27s+wife+miss+india&sa=X&ved=2ahUKEwj5vrmHh4CUAxV5kYkEHYm_NZYQ7xYoAHoECA8QAQ&biw=638&bih=664&dpr=1.5#sv=CAMSVhozKhFpYy13LWREVW5BQnRHWkYwTTIOdy1kRFVuQUJ0R1pGME06Dk1Kd2ZmM2ZlTE90MTFNIAQqGwoEc3ZpbRIRaWMtdy1kRFVuQUJ0R1pGME0YATABGAcggNX-kws
2026-04-21T19:04:52.921321,tab_focus,https://www.google.com/search?sca_esv=90400c0a8b8f484b&sxsrf=ANbL-n4RNgLH2EVqUg1mWN0z8JyOjy1U-w:1776812685160&q=kunal%27s+wife+miss+india&sa=X&ved=2ahUKEwj5vrmHh4CUAxV5kYkEHYm_NZYQ7xYoAHoECA8QAQ&biw=638&bih=664&dpr=1.5
2026-04-21T19:04:55.200916,tab_focus,https://www.google.com/search?sa=X&sca_esv=90400c0a8b8f484b&sxsrf=ANbL-n7IY2LlUYkxW_0LiCQfkfqrA6T8FA:1776812686678&udm=2&fbs=ADc_l-aN0CWEZBOHjofHoaMMDiKpaEWjvZ2Py1XXV8d8KvlI3jljrY5CkLlk8Dq3IvwBz-Qg9gdZYJriKd9fBMKKfwqZsp5a2Z8RykAyI8QON1GKtNJOssmbpPvaOpAriL5ZmTwtx9B17VeAaoqb-qf2R_XTlcg6QIT-dCFYKZUSMNTtLZ72W3kEX7yJunhV8fObfw2b2yNqJD-ZmRex00cp8ruSqBTbIg&q=kunal%27s+wife+miss+india&ved=2ahUKEwj5jZaIh4CUAxUhj4kEHWygNFUQtKgLegQIFRAB&biw=638&bih=664&dpr=1.5
2026-04-21T19:05:08.075649,tab_switch,https://chatgpt.com/c/69cda7ef-48b0-832d-9f4f-9b8d1404048e
2026-04-21T19:15:10.332860,tab_focus,chrome://newtab/
2026-04-21T19:15:22.858522,tab_focus,https://www.google.com/search?q=is+srivastava+a+telugu+last+name&oq=is+srivastava+a+telugu+last+name&gs_lcrp=EgZjaHJvbWUyCQgAEEUYORigATIHCAEQIRirAjIHCAIQIRirAjIHCAMQIRifBTIHCAQQIRifBTIHCAUQIRifBTIHCAYQIRifBdIBCDk1NDFqMGo3qAIAsAIA&sourceid=chrome&ie=UTF-8
2026-04-21T19:17:50.990468,tab_switch,https://chatgpt.com/c/69cda7ef-48b0-832d-9f4f-9b8d1404048e
2026-04-21T21:00:18.777095,tab_switch,chrome://newtab/
2026-04-21T21:00:18.931142,tab_focus,chrome://newtab/
2026-04-21T21:00:24.287128,tab_focus,https://www.desmos.com/
2026-04-21T21:00:26.268646,tab_focus,https://www.desmos.com/calculator
2026-04-22T21:40:04.709377,focused,http://127.0.0.1:5000/
2026-04-22T21:40:07.859718,focused,http://127.0.0.1:5000/
2026-04-22T21:40:19.827258,tab_switch,https://chatgpt.com/c/69cda7ef-48b0-832d-9f4f-9b8d1404048e
2026-04-22T21:40:35.690334,focused,http://127.0.0.1:5000/
2026-04-22T21:40:39.450036,focused,https://chatgpt.com/c/69cda7ef-48b0-832d-9f4f-9b8d1404048e
2026-04-22T21:40:40.505090,focused,http://127.0.0.1:5000/
2026-04-22T21:40:54.495874,focused,https://chatgpt.com/c/69cda7ef-48b0-832d-9f4f-9b8d1404048e
2026-04-22T21:43:59.348222,focused,http://127.0.0.1:5000/
2026-04-22T21:44:00.944516,focused,http://127.0.0.1:5000/
2026-04-23T01:07:36.492865,focused,http://127.0.0.1:5000/
2026-04-23T01:07:48.646627,tab_switch,chrome://extensions/
2026-04-23T01:08:23.337151,focused,http://127.0.0.1:5000/
2026-04-23T01:09:00.225233,focused,http://127.0.0.1:5000/
2026-04-23T01:09:07.539026,focused,http://127.0.0.1:5000/
2026-04-23T01:09:08.431716,focused,http://127.0.0.1:5000/
2026-04-23T01:09:31.174761,focused,http://127.0.0.1:5000/
2026-04-23T01:30:29.819986,focused,http://127.0.0.1:5000/
2026-04-23T01:30:32.355404,focused,http://127.0.0.1:5000/
2026-04-23T01:30:44.269385,focused,https://chatgpt.com/c/69cda7ef-48b0-832d-9f4f-9b8d1404048e
2026-04-23T01:30:45.786234,focused,http://127.0.0.1:5000/
2026-04-23T01:38:31.345082,focused,http://127.0.0.1:5000/status
2026-04-23T01:38:32.727988,focused,http://127.0.0.1:5000/
2026-04-23T01:38:34.695060,focused,http://127.0.0.1:5000/
2026-04-23T01:38:39.391145,focused,http://127.0.0.1:5000/status
2026-04-23T01:38:41.161664,focused,http://127.0.0.1:5000/status
2026-04-23T01:38:43.743481,focused,https://chatgpt.com/c/69cda7ef-48b0-832d-9f4f-9b8d1404048e
2026-04-23T01:38:54.648308,tab_switch,chrome://extensions/
2026-04-23T01:38:55.715871,focused,http://127.0.0.1:5000/status
2026-04-23T01:39:01.110807,focused,https://chatgpt.com/c/69cda7ef-48b0-832d-9f4f-9b8d1404048e
2026-04-23T01:39:39.038424,focused,http://127.0.0.1:5000/status
2026-04-23T01:39:40.257326,focused,http://127.0.0.1:5000/
2026-04-23T01:39:44.068062,focused,https://chatgpt.com/c/69cda7ef-48b0-832d-9f4f-9b8d1404048e
2026-04-23T01:47:03.129818,focused,http://127.0.0.1:5000/status
2026-04-23T01:47:04.590768,focused,http://127.0.0.1:5000/
2026-04-23T01:47:05.992123,focused,http://127.0.0.1:5000/
2026-04-23T01:47:09.056334,focused,http://127.0.0.1:5000/
2026-04-23T01:47:10.801461,focused,http://127.0.0.1:5000/status
2026-04-23T01:47:13.856387,focused,http://127.0.0.1:5000/
2026-04-23T01:50:49.778322,focused,http://127.0.0.1:5000/
2026-04-23T01:50:51.443782,focused,http://127.0.0.1:5000/
2026-04-23T01:50:53.156562,focused,http://127.0.0.1:5000/
2026-04-23T01:52:08.945275,focused,http://127.0.0.1:5000/
2026-04-23T01:52:10.579444,focused,http://127.0.0.1:5000/
2026-04-23T01:52:12.236572,focused,http://127.0.0.1:5000/
2026-04-23T01:56:52.496396,focused,http://127.0.0.1:5000/
2026-04-23T01:56:53.862847,focused,http://127.0.0.1:5000/
2026-04-23T01:57:13.009793,focused,http://127.0.0.1:5000/
2026-04-23T01:57:35.767652,focused,http://127.0.0.1:5000/
2026-04-23T01:57:41.152768,focused,https://chatgpt.com/c/69cda7ef-48b0-832d-9f4f-9b8d1404048e
2026-04-23T01:57:55.417342,focused,http://127.0.0.1:5000/status
2026-04-23T01:57:56.893533,focused,http://127.0.0.1:5000/status
2026-04-23T01:58:02.444544,focused,http://127.0.0.1:5000/
2026-04-23T01:58:04.551211,focused,https://chatgpt.com/c/69cda7ef-48b0-832d-9f4f-9b8d1404048e
2026-04-23T01:59:26.044343,focused,http://127.0.0.1:5000/
2026-04-23T01:59:29.715834,focused,http://127.0.0.1:5000/
2026-04-23T01:59:32.391676,focused,https://chatgpt.com/c/69cda7ef-48b0-832d-9f4f-9b8d1404048e
2026-04-23T01:59:37.737024,focused,http://127.0.0.1:5000/status
2026-04-23T01:59:39.282898,focused,http://127.0.0.1:5000/status
2026-04-23T01:59:42.858123,focused,https://chatgpt.com/c/69cda7ef-48b0-832d-9f4f-9b8d1404048e
2026-04-23T01:59:49.885155,focused,http://127.0.0.1:5000/status
2026-04-23T01:59:58.254364,focused,https://chatgpt.com/c/69cda7ef-48b0-832d-9f4f-9b8d1404048e
2026-04-23T02:05:42.551318,focused,https://chatgpt.com/c/69cda7ef-48b0-832d-9f4f-9b8d1404048e
2026-04-23T15:00:05.028737,focused,http://127.0.0.1:5000/
2026-04-23T18:19:48.052027,focused,http://127.0.0.1:5000/
2026-04-23T18:19:49.767747,focused,http://127.0.0.1:5000/
2026-04-23T18:19:55.540667,focused,https://docs.google.com/document/u/0/
2026-04-23T18:19:55.540667,focused,http://127.0.0.1:5000/
2026-04-23T18:20:04.315394,focused,http://127.0.0.1:5000/
2026-04-23T18:21:27.284506,focused,http://127.0.0.1:5000/
2026-04-23T18:21:47.571705,focused,http://127.0.0.1:5000/
2026-04-23T20:17:56.041076,focused,http://127.0.0.1:5000/status
2026-04-23T20:17:57.756731,tab_focus,chrome://newtab/
2026-04-23T20:18:01.211625,focused,http://127.0.0.1:5000/
2026-04-23T20:46:26.550880,focused,http://127.0.0.1:5000/
2026-04-23T20:51:28.610939,focused,http://127.0.0.1:5000/
2026-04-23T20:52:39.067408,focused,http://127.0.0.1:5000/
2026-04-23T20:52:40.276459,focused,http://127.0.0.1:5000/
2026-04-23T20:52:42.037375,focused,http://127.0.0.1:5000/status
2026-04-23T20:52:43.197362,focused,http://127.0.0.1:5000/status
2026-04-23T20:52:46.168838,focused,http://127.0.0.1:5000/
2026-04-23T20:52:55.638185,focused,http://127.0.0.1:5000/status
2026-04-23T20:52:57.329654,focused,http://127.0.0.1:5000/status
2026-04-23T20:53:01.581643,focused,http://127.0.0.1:5000/
2026-04-23T20:53:04.939709,focused,http://127.0.0.1:5000/status
2026-04-23T20:53:06.544942,focused,http://127.0.0.1:5000/status
2026-04-23T20:55:54.503106,focused,http://127.0.0.1:5000/
2026-04-23T21:04:07.371162,focused,http://127.0.0.1:5000/
2026-04-23T21:04:09.330943,focused,http://127.0.0.1:5000/
2026-04-23T21:16:08.311672,focused,http://127.0.0.1:5000/
2026-04-23T21:16:09.664297,focused,http://127.0.0.1:5000/
2026-04-23T21:21:51.744386,focused,http://127.0.0.1:5000/
2026-04-23T21:30:52.236362,focused,http://127.0.0.1:5000/
2026-04-23T21:30:54.983409,focused,http://127.0.0.1:5000/
2026-04-23T21:31:23.085887,focused,https://chatgpt.com/c/69cda7ef-48b0-832d-9f4f-9b8d1404048e
2026-04-23T21:31:56.130936,focused,http://127.0.0.1:5000/
2026-04-23T21:45:41.090510,focused,http://127.0.0.1:5000/
2026-04-23T21:46:06.056169,focused,http://127.0.0.1:5000/
2026-04-23T21:51:31.893410,focused,http://127.0.0.1:5000/
2026-04-23T21:53:28.175728,focused,http://127.0.0.1:5000/
2026-04-23T22:09:24.903301,focused,http://127.0.0.1:5000/
2026-04-23T22:12:05.696821,focused,http://127.0.0.1:5000/
2026-04-23T22:12:07.722753,focused,http://127.0.0.1:5000/
2026-04-23T22:12:18.967005,tab_focus,http://127.0.0.1:5500/
2026-04-23T22:12:22.404514,tab_focus,http://127.0.0.1:5500/avatars/
2026-04-23T22:12:28.599074,tab_focus,http://127.0.0.1:5500/avatars/fledgling.png
2026-04-23T22:12:31.528345,focused,http://127.0.0.1:5000/
2026-04-23T22:12:35.518019,focused,http://127.0.0.1:5000/
2026-04-23T22:12:53.178203,tab_focus,http://127.0.0.1:5500/
2026-04-23T22:12:56.322110,tab_focus,http://127.0.0.1:5500/avatars/
2026-04-23T22:13:01.353484,tab_focus,http://127.0.0.1:5500/
2026-04-23T22:13:03.472246,tab_focus,http://127.0.0.1:5500/avatars/
2026-04-23T22:13:09.017040,tab_focus,http://127.0.0.1:5500/avatars/egg.png
2026-04-23T22:13:11.281585,focused,http://127.0.0.1:5000/
2026-04-23T22:13:39.437858,focused,http://127.0.0.1:5000/
2026-04-23T22:17:17.693418,focused,http://127.0.0.1:5000/
2026-04-23T22:19:25.085423,focused,http://127.0.0.1:5000/
2026-04-23T22:21:39.865003,tab_focus,chrome://newtab/
2026-04-23T22:21:51.701819,tab_focus,https://www.google.com/search?q=how+to+set+a+px+size+to+this+line+of+code%3A+%3Cinput+id%3D%22username%22+type%3D%22text%22+placeholder%3D%22Optional+%28saved+locally%29%22+fdprocessedid%3D%22oemvb%22%3E&sca_esv=e42243e293ad428e&sxsrf=ANbL-n6IqXP_q5DURdeHgeyOlkJ6hmeyZw%3A1776997311860&ei=v9PqabeTNIqsptQP7e-ByAY&biw=1280&bih=665&ved=0ahUKEwj37qjstoWUAxUKlokEHe13AGkQ4dUDCBE&uact=5&oq=how+to+set+a+px+size+to+this+line+of+code%3A+%3Cinput+id%3D%22username%22+type%3D%22text%22+placeholder%3D%22Optional+%28saved+locally%29%22+fdprocessedid%3D%22oemvb%22%3E&gs_lp=Egxnd3Mtd2l6LXNlcnAiiQFob3cgdG8gc2V0IGEgcHggc2l6ZSB0byB0aGlzIGxpbmUgb2YgY29kZTogPGlucHV0IGlkPSJ1c2VybmFtZSIgdHlwZT0idGV4dCIgcGxhY2Vob2xkZXI9Ik9wdGlvbmFsIChzYXZlZCBsb2NhbGx5KSIgZmRwcm9jZXNzZWRpZD0ib2VtdmIiPjIEECMYJzIIEAAYogQYiQUyBRAAGO8FMgUQABjvBTIFEAAY7wUyBRAAGO8FSJkIUHhY0gNwAXgBkAEAmAGyAqABsgKqAQMzLTG4AQPIAQD4AQH4AQKYAgKgArsCwgIKEAAYsAMY1gQYR5gDAIgGAZAGCJIHBTEuMy0xoAfXBbIHAzMtMbgHtwLCBwMyLTLIBweACAA&sclient=gws-wiz-serp
2026-04-23T22:21:51.973835,tab_switch,https://www.google.com/search?q=how+to+set+a+px+size+to+this+line+of+code%3A+%3Cinput+id%3D%22username%22+type%3D%22text%22+placeholder%3D%22Optional+%28saved+locally%29%22+fdprocessedid%3D%22oemvb%22%3E&sca_esv=e42243e293ad428e&sxsrf=ANbL-n6IqXP_q5DURdeHgeyOlkJ6hmeyZw%3A1776997311860&ei=v9PqabeTNIqsptQP7e-ByAY&biw=1280&bih=665&ved=0ahUKEwj37qjstoWUAxUKlokEHe13AGkQ4dUDCBE&uact=5&oq=how+to+set+a+px+size+to+this+line+of+code%3A+%3Cinput+id%3D%22username%22+type%3D%22text%22+placeholder%3D%22Optional+%28saved+locally%29%22+fdprocessedid%3D%22oemvb%22%3E&gs_lp=Egxnd3Mtd2l6LXNlcnAiiQFob3cgdG8gc2V0IGEgcHggc2l6ZSB0byB0aGlzIGxpbmUgb2YgY29kZTogPGlucHV0IGlkPSJ1c2VybmFtZSIgdHlwZT0idGV4dCIgcGxhY2Vob2xkZXI9Ik9wdGlvbmFsIChzYXZlZCBsb2NhbGx5KSIgZmRwcm9jZXNzZWRpZD0ib2VtdmIiPjIEECMYJzIIEAAYogQYiQUyBRAAGO8FMgUQABjvBTIFEAAY7wUyBRAAGO8FSJkIUHhY0gNwAXgBkAEAmAGyAqABsgKqAQMzLTG4AQPIAQD4AQH4AQKYAgKgArsCwgIKEAAYsAMY1gQYR5gDAIgGAZAGCJIHBTEuMy0xoAfXBbIHAzMtMbgHtwLCBwMyLTLIBweACAA&sclient=gws-wiz-serp
2026-04-23T22:22:26.762689,focused,http://127.0.0.1:5000/
2026-04-23T22:24:11.892954,tab_switch,https://www.google.com/search?q=how+to+set+a+px+size+to+this+line+of+code%3A+%3Cinput+id%3D%22username%22+type%3D%22text%22+placeholder%3D%22Optional+%28saved+locally%29%22+fdprocessedid%3D%22oemvb%22%3E&sca_esv=e42243e293ad428e&sxsrf=ANbL-n6IqXP_q5DURdeHgeyOlkJ6hmeyZw%3A1776997311860&ei=v9PqabeTNIqsptQP7e-ByAY&biw=1280&bih=665&ved=0ahUKEwj37qjstoWUAxUKlokEHe13AGkQ4dUDCBE&uact=5&oq=how+to+set+a+px+size+to+this+line+of+code%3A+%3Cinput+id%3D%22username%22+type%3D%22text%22+placeholder%3D%22Optional+%28saved+locally%29%22+fdprocessedid%3D%22oemvb%22%3E&gs_lp=Egxnd3Mtd2l6LXNlcnAiiQFob3cgdG8gc2V0IGEgcHggc2l6ZSB0byB0aGlzIGxpbmUgb2YgY29kZTogPGlucHV0IGlkPSJ1c2VybmFtZSIgdHlwZT0idGV4dCIgcGxhY2Vob2xkZXI9Ik9wdGlvbmFsIChzYXZlZCBsb2NhbGx5KSIgZmRwcm9jZXNzZWRpZD0ib2VtdmIiPjIEECMYJzIIEAAYogQYiQUyBRAAGO8FMgUQABjvBTIFEAAY7wUyBRAAGO8FSJkIUHhY0gNwAXgBkAEAmAGyAqABsgKqAQMzLTG4AQPIAQD4AQH4AQKYAgKgArsCwgIKEAAYsAMY1gQYR5gDAIgGAZAGCJIHBTEuMy0xoAfXBbIHAzMtMbgHtwLCBwMyLTLIBweACAA&sclient=gws-wiz-serp
2026-04-23T22:24:14.497100,tab_focus,chrome://contextual-tasks/?chrome_task_id=4ecd9fed-d50f-4519-94eb-fae2b5609970
2026-04-23T22:24:14.497100,tab_focus,chrome://contextual-tasks/?chrome_task_id=4ecd9fed-d50f-4519-94eb-fae2b5609970
2026-04-23T22:24:15.304933,tab_focus,chrome://contextual-tasks/?q=how+to+set+a+px+size+to+this+line+of+code%3A+%3Cinput+id%3D%22username%22+type%3D%22text%22+placeholder%3D%22Optional+%28saved+locally%29%22+fdprocessedid%3D%22oemvb%22%3E&sca_esv=e42243e293ad428e&sxsrf=ANbL-n6IqXP_q5DURdeHgeyOlkJ6hmeyZw%3A1776997311860&ei=v9PqabeTNIqsptQP7e-ByAY&biw=1280&bih=665.3333740234375&ved=2ahUKEwi33_fttoWUAxVRFlkFHcBKD0YQ0NsOegQIAxAB&uact=5&sclient=gws-wiz-serp&udm=50&fbs=ADc_l-aN0CWEZBOHjofHoaMMDiKpaEWjvZ2Py1XXV8d8KvlI3u6MWRtAr31GIrXLfiKhJJ9zMfgfAzmC0EaStM63-fN2fJznjTITF3FGZoxrj5LOiYMzawwK6V4mG9zl0dB2F_LD2zLcsd5_iXXlP9mmFknG9Mx5vSGkuOM1vv9tWSRmgK-EGXaZP-FthWW2gyyAkB-vNq5K4Sx7vd_Vdk9VNq5lJl0vqg&aep=10&ntc=1&sourceid=chrome&cs=0&hl=en-US&chrome_task_id=4ecd9fed-d50f-4519-94eb-fae2b5609970
2026-04-23T22:24:15.317095,tab_focus,chrome://contextual-tasks/?q=how+to+set+a+px+size+to+this+line+of+code%3A+%3Cinput+id%3D%22username%22+type%3D%22text%22+placeholder%3D%22Optional+%28saved+locally%29%22+fdprocessedid%3D%22oemvb%22%3E&sca_esv=e42243e293ad428e&sxsrf=ANbL-n6IqXP_q5DURdeHgeyOlkJ6hmeyZw%3A1776997311860&ei=v9PqabeTNIqsptQP7e-ByAY&biw=1280&bih=665.3333740234375&ved=2ahUKEwi33_fttoWUAxVRFlkFHcBKD0YQ0NsOegQIAxAB&uact=5&sclient=gws-wiz-serp&udm=50&fbs=ADc_l-aN0CWEZBOHjofHoaMMDiKpaEWjvZ2Py1XXV8d8KvlI3u6MWRtAr31GIrXLfiKhJJ9zMfgfAzmC0EaStM63-fN2fJznjTITF3FGZoxrj5LOiYMzawwK6V4mG9zl0dB2F_LD2zLcsd5_iXXlP9mmFknG9Mx5vSGkuOM1vv9tWSRmgK-EGXaZP-FthWW2gyyAkB-vNq5K4Sx7vd_Vdk9VNq5lJl0vqg&aep=10&ntc=1&sourceid=chrome&cs=0&hl=en-US&chrome_task_id=4ecd9fed-d50f-4519-94eb-fae2b5609970
2026-04-23T22:24:15.651150,tab_focus,chrome://contextual-tasks/?q=how+to+set+a+px+size+to+this+line+of+code%3A+%3Cinput+id%3D%22username%22+type%3D%22text%22+placeholder%3D%22Optional+%28saved+locally%29%22+fdprocessedid%3D%22oemvb%22%3E&sca_esv=e42243e293ad428e&sxsrf=ANbL-n6IqXP_q5DURdeHgeyOlkJ6hmeyZw%3A1776997311860&ei=v9PqabeTNIqsptQP7e-ByAY&biw=1280&bih=665.3333740234375&ved=2ahUKEwi33_fttoWUAxVRFlkFHcBKD0YQ0NsOegQIAxAB&uact=5&sclient=gws-wiz-serp&udm=50&fbs=ADc_l-aN0CWEZBOHjofHoaMMDiKpaEWjvZ2Py1XXV8d8KvlI3u6MWRtAr31GIrXLfiKhJJ9zMfgfAzmC0EaStM63-fN2fJznjTITF3FGZoxrj5LOiYMzawwK6V4mG9zl0dB2F_LD2zLcsd5_iXXlP9mmFknG9Mx5vSGkuOM1vv9tWSRmgK-EGXaZP-FthWW2gyyAkB-vNq5K4Sx7vd_Vdk9VNq5lJl0vqg&aep=10&ntc=1&sourceid=chrome&cs=0&hl=en-US&chrome_task_id=4ecd9fed-d50f-4519-94eb-fae2b5609970
2026-04-23T22:24:15.691345,tab_focus,chrome://contextual-tasks/?q=how+to+set+a+px+size+to+this+line+of+code%3A+%3Cinput+id%3D%22username%22+type%3D%22text%22+placeholder%3D%22Optional+%28saved+locally%29%22+fdprocessedid%3D%22oemvb%22%3E&sca_esv=e42243e293ad428e&sxsrf=ANbL-n6IqXP_q5DURdeHgeyOlkJ6hmeyZw%3A1776997311860&ei=v9PqabeTNIqsptQP7e-ByAY&biw=1280&bih=665.3333740234375&ved=2ahUKEwi33_fttoWUAxVRFlkFHcBKD0YQ0NsOegQIAxAB&uact=5&sclient=gws-wiz-serp&udm=50&fbs=ADc_l-aN0CWEZBOHjofHoaMMDiKpaEWjvZ2Py1XXV8d8KvlI3u6MWRtAr31GIrXLfiKhJJ9zMfgfAzmC0EaStM63-fN2fJznjTITF3FGZoxrj5LOiYMzawwK6V4mG9zl0dB2F_LD2zLcsd5_iXXlP9mmFknG9Mx5vSGkuOM1vv9tWSRmgK-EGXaZP-FthWW2gyyAkB-vNq5K4Sx7vd_Vdk9VNq5lJl0vqg&aep=10&ntc=1&sourceid=chrome&cs=0&hl=en-US&chrome_task_id=4ecd9fed-d50f-4519-94eb-fae2b5609970
2026-04-23T22:24:19.075086,tab_focus,chrome://contextual-tasks/?q=how+to+set+a+px+size+to+this+line+of+code%3A+%3Cinput+id%3D%22username%22+type%3D%22text%22+placeholder%3D%22Optional+%28saved+locally%29%22+fdprocessedid%3D%22oemvb%22%3E&sca_esv=e42243e293ad428e&sxsrf=ANbL-n6IqXP_q5DURdeHgeyOlkJ6hmeyZw%3A1776997311860&ei=v9PqabeTNIqsptQP7e-ByAY&biw=1280&bih=665.3333740234375&ved=2ahUKEwi33_fttoWUAxVRFlkFHcBKD0YQ0NsOegQIAxAB&uact=5&sclient=gws-wiz-serp&udm=50&fbs=ADc_l-aN0CWEZBOHjofHoaMMDiKpaEWjvZ2Py1XXV8d8KvlI3u6MWRtAr31GIrXLfiKhJJ9zMfgfAzmC0EaStM63-fN2fJznjTITF3FGZoxrj5LOiYMzawwK6V4mG9zl0dB2F_LD2zLcsd5_iXXlP9mmFknG9Mx5vSGkuOM1vv9tWSRmgK-EGXaZP-FthWW2gyyAkB-vNq5K4Sx7vd_Vdk9VNq5lJl0vqg&aep=10&ntc=1&sourceid=chrome&cs=0&hl=en-US&mstk=AUtExfCWICFL4h9jeaSpsw65Gjr9k-aYAXMxYM0QQjZiatUskrtNEb0hiBpOqn4cXEF9f2xfca8BhPvPDxtaDX0PJWc02rOxJKCCJD0TMp060DIeaAx44oZkZ4Z2DQM2VHKq30FiCwjvSEPDoJ86EUKJ_NX2aI6h8728UTU&csuir=1&chrome_task_id=4ecd9fed-d50f-4519-94eb-fae2b5609970
2026-04-23T22:24:19.086732,tab_focus,chrome://contextual-tasks/?q=how+to+set+a+px+size+to+this+line+of+code%3A+%3Cinput+id%3D%22username%22+type%3D%22text%22+placeholder%3D%22Optional+%28saved+locally%29%22+fdprocessedid%3D%22oemvb%22%3E&sca_esv=e42243e293ad428e&sxsrf=ANbL-n6IqXP_q5DURdeHgeyOlkJ6hmeyZw%3A1776997311860&ei=v9PqabeTNIqsptQP7e-ByAY&biw=1280&bih=665.3333740234375&ved=2ahUKEwi33_fttoWUAxVRFlkFHcBKD0YQ0NsOegQIAxAB&uact=5&sclient=gws-wiz-serp&udm=50&fbs=ADc_l-aN0CWEZBOHjofHoaMMDiKpaEWjvZ2Py1XXV8d8KvlI3u6MWRtAr31GIrXLfiKhJJ9zMfgfAzmC0EaStM63-fN2fJznjTITF3FGZoxrj5LOiYMzawwK6V4mG9zl0dB2F_LD2zLcsd5_iXXlP9mmFknG9Mx5vSGkuOM1vv9tWSRmgK-EGXaZP-FthWW2gyyAkB-vNq5K4Sx7vd_Vdk9VNq5lJl0vqg&aep=10&ntc=1&sourceid=chrome&cs=0&hl=en-US&mstk=AUtExfCWICFL4h9jeaSpsw65Gjr9k-aYAXMxYM0QQjZiatUskrtNEb0hiBpOqn4cXEF9f2xfca8BhPvPDxtaDX0PJWc02rOxJKCCJD0TMp060DIeaAx44oZkZ4Z2DQM2VHKq30FiCwjvSEPDoJ86EUKJ_NX2aI6h8728UTU&csuir=1&chrome_task_id=4ecd9fed-d50f-4519-94eb-fae2b5609970
2026-04-23T22:24:19.100932,tab_focus,chrome://contextual-tasks/?q=how+to+set+a+px+size+to+this+line+of+code%3A+%3Cinput+id%3D%22username%22+type%3D%22text%22+placeholder%3D%22Optional+%28saved+locally%29%22+fdprocessedid%3D%22oemvb%22%3E&sca_esv=e42243e293ad428e&sxsrf=ANbL-n6IqXP_q5DURdeHgeyOlkJ6hmeyZw%3A1776997311860&ei=v9PqabeTNIqsptQP7e-ByAY&biw=1280&bih=665.3333740234375&ved=2ahUKEwi33_fttoWUAxVRFlkFHcBKD0YQ0NsOegQIAxAB&uact=5&sclient=gws-wiz-serp&udm=50&fbs=ADc_l-aN0CWEZBOHjofHoaMMDiKpaEWjvZ2Py1XXV8d8KvlI3u6MWRtAr31GIrXLfiKhJJ9zMfgfAzmC0EaStM63-fN2fJznjTITF3FGZoxrj5LOiYMzawwK6V4mG9zl0dB2F_LD2zLcsd5_iXXlP9mmFknG9Mx5vSGkuOM1vv9tWSRmgK-EGXaZP-FthWW2gyyAkB-vNq5K4Sx7vd_Vdk9VNq5lJl0vqg&aep=10&ntc=1&sourceid=chrome&cs=0&hl=en-US&mstk=AUtExfCWICFL4h9jeaSpsw65Gjr9k-aYAXMxYM0QQjZiatUskrtNEb0hiBpOqn4cXEF9f2xfca8BhPvPDxtaDX0PJWc02rOxJKCCJD0TMp060DIeaAx44oZkZ4Z2DQM2VHKq30FiCwjvSEPDoJ86EUKJ_NX2aI6h8728UTU&csuir=1&chrome_task_id=4ecd9fed-d50f-4519-94eb-fae2b5609970
2026-04-23T22:24:19.121110,tab_focus,chrome://contextual-tasks/?q=how+to+set+a+px+size+to+this+line+of+code%3A+%3Cinput+id%3D%22username%22+type%3D%22text%22+placeholder%3D%22Optional+%28saved+locally%29%22+fdprocessedid%3D%22oemvb%22%3E&sca_esv=e42243e293ad428e&sxsrf=ANbL-n6IqXP_q5DURdeHgeyOlkJ6hmeyZw%3A1776997311860&ei=v9PqabeTNIqsptQP7e-ByAY&biw=1280&bih=665.3333740234375&ved=2ahUKEwi33_fttoWUAxVRFlkFHcBKD0YQ0NsOegQIAxAB&uact=5&sclient=gws-wiz-serp&udm=50&fbs=ADc_l-aN0CWEZBOHjofHoaMMDiKpaEWjvZ2Py1XXV8d8KvlI3u6MWRtAr31GIrXLfiKhJJ9zMfgfAzmC0EaStM63-fN2fJznjTITF3FGZoxrj5LOiYMzawwK6V4mG9zl0dB2F_LD2zLcsd5_iXXlP9mmFknG9Mx5vSGkuOM1vv9tWSRmgK-EGXaZP-FthWW2gyyAkB-vNq5K4Sx7vd_Vdk9VNq5lJl0vqg&aep=10&ntc=1&sourceid=chrome&cs=0&hl=en-US&mstk=AUtExfBHIYHlDg6-3yv2MUHILNei2wdRPNOQUnRBbg1H-1IrbGFMOKMoQcUeiYW0BiProcVNp5VQvr4ffcP5UnRf3Z1cbTiy-J6V3h_38M8VoCe55A32qUQhJqUmdGPHVoYs0tgvGyv6nIk9tqsamkXoa553vRDqGsTpOMc&csuir=1&chrome_task_id=4ecd9fed-d50f-4519-94eb-fae2b5609970
2026-04-23T22:24:19.167596,tab_focus,chrome://contextual-tasks/?q=how+to+set+a+px+size+to+this+line+of+code%3A+%3Cinput+id%3D%22username%22+type%3D%22text%22+placeholder%3D%22Optional+%28saved+locally%29%22+fdprocessedid%3D%22oemvb%22%3E&sca_esv=e42243e293ad428e&sxsrf=ANbL-n6IqXP_q5DURdeHgeyOlkJ6hmeyZw%3A1776997311860&ei=v9PqabeTNIqsptQP7e-ByAY&biw=1280&bih=665.3333740234375&ved=2ahUKEwi33_fttoWUAxVRFlkFHcBKD0YQ0NsOegQIAxAB&uact=5&sclient=gws-wiz-serp&udm=50&fbs=ADc_l-aN0CWEZBOHjofHoaMMDiKpaEWjvZ2Py1XXV8d8KvlI3u6MWRtAr31GIrXLfiKhJJ9zMfgfAzmC0EaStM63-fN2fJznjTITF3FGZoxrj5LOiYMzawwK6V4mG9zl0dB2F_LD2zLcsd5_iXXlP9mmFknG9Mx5vSGkuOM1vv9tWSRmgK-EGXaZP-FthWW2gyyAkB-vNq5K4Sx7vd_Vdk9VNq5lJl0vqg&aep=10&ntc=1&sourceid=chrome&cs=0&hl=en-US&mstk=AUtExfBHIYHlDg6-3yv2MUHILNei2wdRPNOQUnRBbg1H-1IrbGFMOKMoQcUeiYW0BiProcVNp5VQvr4ffcP5UnRf3Z1cbTiy-J6V3h_38M8VoCe55A32qUQhJqUmdGPHVoYs0tgvGyv6nIk9tqsamkXoa553vRDqGsTpOMc&csuir=1&chrome_task_id=4ecd9fed-d50f-4519-94eb-fae2b5609970
2026-04-23T22:24:19.191680,tab_focus,chrome://contextual-tasks/?q=how+to+set+a+px+size+to+this+line+of+code%3A+%3Cinput+id%3D%22username%22+type%3D%22text%22+placeholder%3D%22Optional+%28saved+locally%29%22+fdprocessedid%3D%22oemvb%22%3E&sca_esv=e42243e293ad428e&sxsrf=ANbL-n6IqXP_q5DURdeHgeyOlkJ6hmeyZw%3A1776997311860&ei=v9PqabeTNIqsptQP7e-ByAY&biw=1280&bih=665.3333740234375&ved=2ahUKEwi33_fttoWUAxVRFlkFHcBKD0YQ0NsOegQIAxAB&uact=5&sclient=gws-wiz-serp&udm=50&fbs=ADc_l-aN0CWEZBOHjofHoaMMDiKpaEWjvZ2Py1XXV8d8KvlI3u6MWRtAr31GIrXLfiKhJJ9zMfgfAzmC0EaStM63-fN2fJznjTITF3FGZoxrj5LOiYMzawwK6V4mG9zl0dB2F_LD2zLcsd5_iXXlP9mmFknG9Mx5vSGkuOM1vv9tWSRmgK-EGXaZP-FthWW2gyyAkB-vNq5K4Sx7vd_Vdk9VNq5lJl0vqg&aep=10&ntc=1&sourceid=chrome&cs=0&hl=en-US&mstk=AUtExfBHIYHlDg6-3yv2MUHILNei2wdRPNOQUnRBbg1H-1IrbGFMOKMoQcUeiYW0BiProcVNp5VQvr4ffcP5UnRf3Z1cbTiy-J6V3h_38M8VoCe55A32qUQhJqUmdGPHVoYs0tgvGyv6nIk9tqsamkXoa553vRDqGsTpOMc&csuir=1&chrome_task_id=4ecd9fed-d50f-4519-94eb-fae2b5609970
2026-04-23T22:24:19.622665,tab_focus,chrome://contextual-tasks/?q=how+to+set+a+px+size+to+this+line+of+code%3A+%3Cinput+id%3D%22username%22+type%3D%22text%22+placeholder%3D%22Optional+%28saved+locally%29%22+fdprocessedid%3D%22oemvb%22%3E&sca_esv=e42243e293ad428e&sxsrf=ANbL-n6IqXP_q5DURdeHgeyOlkJ6hmeyZw%3A1776997311860&ei=v9PqabeTNIqsptQP7e-ByAY&biw=1280&bih=665.3333740234375&ved=2ahUKEwi33_fttoWUAxVRFlkFHcBKD0YQ0NsOegQIAxAB&uact=5&sclient=gws-wiz-serp&udm=50&fbs=ADc_l-aN0CWEZBOHjofHoaMMDiKpaEWjvZ2Py1XXV8d8KvlI3u6MWRtAr31GIrXLfiKhJJ9zMfgfAzmC0EaStM63-fN2fJznjTITF3FGZoxrj5LOiYMzawwK6V4mG9zl0dB2F_LD2zLcsd5_iXXlP9mmFknG9Mx5vSGkuOM1vv9tWSRmgK-EGXaZP-FthWW2gyyAkB-vNq5K4Sx7vd_Vdk9VNq5lJl0vqg&aep=10&ntc=1&sourceid=chrome&cs=0&hl=en-US&mstk=AUtExfBHIYHlDg6-3yv2MUHILNei2wdRPNOQUnRBbg1H-1IrbGFMOKMoQcUeiYW0BiProcVNp5VQvr4ffcP5UnRf3Z1cbTiy-J6V3h_38M8VoCe55A32qUQhJqUmdGPHVoYs0tgvGyv6nIk9tqsamkXoa553vRDqGsTpOMc&csuir=1&mtid=U9TqaZufOKee5NoPpf-v2Qs&chrome_task_id=4ecd9fed-d50f-4519-94eb-fae2b5609970
2026-04-23T22:24:19.659818,tab_focus,chrome://contextual-tasks/?q=how+to+set+a+px+size+to+this+line+of+code%3A+%3Cinput+id%3D%22username%22+type%3D%22text%22+placeholder%3D%22Optional+%28saved+locally%29%22+fdprocessedid%3D%22oemvb%22%3E&sca_esv=e42243e293ad428e&sxsrf=ANbL-n6IqXP_q5DURdeHgeyOlkJ6hmeyZw%3A1776997311860&ei=v9PqabeTNIqsptQP7e-ByAY&biw=1280&bih=665.3333740234375&ved=2ahUKEwi33_fttoWUAxVRFlkFHcBKD0YQ0NsOegQIAxAB&uact=5&sclient=gws-wiz-serp&udm=50&fbs=ADc_l-aN0CWEZBOHjofHoaMMDiKpaEWjvZ2Py1XXV8d8KvlI3u6MWRtAr31GIrXLfiKhJJ9zMfgfAzmC0EaStM63-fN2fJznjTITF3FGZoxrj5LOiYMzawwK6V4mG9zl0dB2F_LD2zLcsd5_iXXlP9mmFknG9Mx5vSGkuOM1vv9tWSRmgK-EGXaZP-FthWW2gyyAkB-vNq5K4Sx7vd_Vdk9VNq5lJl0vqg&aep=10&ntc=1&sourceid=chrome&cs=0&hl=en-US&mstk=AUtExfBHIYHlDg6-3yv2MUHILNei2wdRPNOQUnRBbg1H-1IrbGFMOKMoQcUeiYW0BiProcVNp5VQvr4ffcP5UnRf3Z1cbTiy-J6V3h_38M8VoCe55A32qUQhJqUmdGPHVoYs0tgvGyv6nIk9tqsamkXoa553vRDqGsTpOMc&csuir=1&mtid=U9TqaZufOKee5NoPpf-v2Qs&chrome_task_id=4ecd9fed-d50f-4519-94eb-fae2b5609970
2026-04-23T22:24:19.663099,tab_focus,chrome://contextual-tasks/?q=how+to+set+a+px+size+to+this+line+of+code%3A+%3Cinput+id%3D%22username%22+type%3D%22text%22+placeholder%3D%22Optional+%28saved+locally%29%22+fdprocessedid%3D%22oemvb%22%3E&sca_esv=e42243e293ad428e&sxsrf=ANbL-n6IqXP_q5DURdeHgeyOlkJ6hmeyZw%3A1776997311860&ei=v9PqabeTNIqsptQP7e-ByAY&biw=1280&bih=665.3333740234375&ved=2ahUKEwi33_fttoWUAxVRFlkFHcBKD0YQ0NsOegQIAxAB&uact=5&sclient=gws-wiz-serp&udm=50&fbs=ADc_l-aN0CWEZBOHjofHoaMMDiKpaEWjvZ2Py1XXV8d8KvlI3u6MWRtAr31GIrXLfiKhJJ9zMfgfAzmC0EaStM63-fN2fJznjTITF3FGZoxrj5LOiYMzawwK6V4mG9zl0dB2F_LD2zLcsd5_iXXlP9mmFknG9Mx5vSGkuOM1vv9tWSRmgK-EGXaZP-FthWW2gyyAkB-vNq5K4Sx7vd_Vdk9VNq5lJl0vqg&aep=10&ntc=1&sourceid=chrome&cs=0&hl=en-US&mstk=AUtExfBHIYHlDg6-3yv2MUHILNei2wdRPNOQUnRBbg1H-1IrbGFMOKMoQcUeiYW0BiProcVNp5VQvr4ffcP5UnRf3Z1cbTiy-J6V3h_38M8VoCe55A32qUQhJqUmdGPHVoYs0tgvGyv6nIk9tqsamkXoa553vRDqGsTpOMc&csuir=1&mtid=U9TqaZufOKee5NoPpf-v2Qs&chrome_task_id=4ecd9fed-d50f-4519-94eb-fae2b5609970
2026-04-23T22:24:31.332378,tab_focus,chrome://contextual-tasks/?q=how+to+set+a+px+size+to+this+line+of+code%3A+%3Cinput+id%3D%22username%22+type%3D%22text%22+placeholder%3D%22Optional+%28saved+locally%29%22+fdprocessedid%3D%22oemvb%22%3E&sca_esv=e42243e293ad428e&sxsrf=ANbL-n6IqXP_q5DURdeHgeyOlkJ6hmeyZw%3A1776997311860&ei=v9PqabeTNIqsptQP7e-ByAY&biw=1280&bih=665.3333740234375&ved=2ahUKEwi33_fttoWUAxVRFlkFHcBKD0YQ0NsOegQIAxAB&uact=5&sclient=gws-wiz-serp&fbs=ADc_l-aN0CWEZBOHjofHoaMMDiKpaEWjvZ2Py1XXV8d8KvlI3u6MWRtAr31GIrXLfiKhJJ9zMfgfAzmC0EaStM63-fN2fJznjTITF3FGZoxrj5LOiYMzawwK6V4mG9zl0dB2F_LD2zLcsd5_iXXlP9mmFknG9Mx5vSGkuOM1vv9tWSRmgK-EGXaZP-FthWW2gyyAkB-vNq5K4Sx7vd_Vdk9VNq5lJl0vqg&aep=10&ntc=1&sourceid=chrome&cs=0&hl=en-US&mstk=AUtExfBHIYHlDg6-3yv2MUHILNei2wdRPNOQUnRBbg1H-1IrbGFMOKMoQcUeiYW0BiProcVNp5VQvr4ffcP5UnRf3Z1cbTiy-J6V3h_38M8VoCe55A32qUQhJqUmdGPHVoYs0tgvGyv6nIk9tqsamkXoa553vRDqGsTpOMc&csuir=1&mtid=U9TqaZufOKee5NoPpf-v2Qs&udm=50&chrome_task_id=4ecd9fed-d50f-4519-94eb-fae2b5609970
2026-04-23T22:24:31.528521,tab_focus,chrome://contextual-tasks/?q=how+to+set+a+px+size+to+this+line+of+code%3A+%3Cinput+id%3D%22username%22+type%3D%22text%22+placeholder%3D%22Optional+%28saved+locally%29%22+fdprocessedid%3D%22oemvb%22%3E&sca_esv=e42243e293ad428e&sxsrf=ANbL-n6IqXP_q5DURdeHgeyOlkJ6hmeyZw%3A1776997311860&ei=v9PqabeTNIqsptQP7e-ByAY&biw=1280&bih=665.3333740234375&ved=2ahUKEwi33_fttoWUAxVRFlkFHcBKD0YQ0NsOegQIAxAB&uact=5&sclient=gws-wiz-serp&fbs=ADc_l-aN0CWEZBOHjofHoaMMDiKpaEWjvZ2Py1XXV8d8KvlI3u6MWRtAr31GIrXLfiKhJJ9zMfgfAzmC0EaStM63-fN2fJznjTITF3FGZoxrj5LOiYMzawwK6V4mG9zl0dB2F_LD2zLcsd5_iXXlP9mmFknG9Mx5vSGkuOM1vv9tWSRmgK-EGXaZP-FthWW2gyyAkB-vNq5K4Sx7vd_Vdk9VNq5lJl0vqg&aep=10&ntc=1&sourceid=chrome&cs=0&hl=en-US&mstk=AUtExfAqHroCxwxyF4tiEftGkpBDQ6fBbHYPOW0iS-SshNycU1mobhSj8kzR0BaciiQTquuDDrtR2ItWvu6xHAx3DIbecqB3Y8QuIilcQcm_fz8T_DepAZe7d7cA6_kBbwaCWJi1xmlrabauC5JH8dECfpW0QJ3w4sAc6PZCP6TEtwSpNL39R7oDvFL_KDlf0gbsVlf-RgN1ESoL1al8Ksq193d0uJbj_w8lAa_kWO7rBbA_iNSzMpnrk_zDnEc0Jw0_Rihe0gb3NzRqzA&csuir=1&mtid=U9TqaZufOKee5NoPpf-v2Qs&udm=50&chrome_task_id=4ecd9fed-d50f-4519-94eb-fae2b5609970
2026-04-23T22:24:31.532472,tab_focus,chrome://contextual-tasks/?q=how+to+set+a+px+size+to+this+line+of+code%3A+%3Cinput+id%3D%22username%22+type%3D%22text%22+placeholder%3D%22Optional+%28saved+locally%29%22+fdprocessedid%3D%22oemvb%22%3E&sca_esv=e42243e293ad428e&sxsrf=ANbL-n6IqXP_q5DURdeHgeyOlkJ6hmeyZw%3A1776997311860&ei=v9PqabeTNIqsptQP7e-ByAY&biw=1280&bih=665.3333740234375&ved=2ahUKEwi33_fttoWUAxVRFlkFHcBKD0YQ0NsOegQIAxAB&uact=5&sclient=gws-wiz-serp&fbs=ADc_l-aN0CWEZBOHjofHoaMMDiKpaEWjvZ2Py1XXV8d8KvlI3u6MWRtAr31GIrXLfiKhJJ9zMfgfAzmC0EaStM63-fN2fJznjTITF3FGZoxrj5LOiYMzawwK6V4mG9zl0dB2F_LD2zLcsd5_iXXlP9mmFknG9Mx5vSGkuOM1vv9tWSRmgK-EGXaZP-FthWW2gyyAkB-vNq5K4Sx7vd_Vdk9VNq5lJl0vqg&aep=10&ntc=1&sourceid=chrome&cs=0&hl=en-US&mstk=AUtExfAqHroCxwxyF4tiEftGkpBDQ6fBbHYPOW0iS-SshNycU1mobhSj8kzR0BaciiQTquuDDrtR2ItWvu6xHAx3DIbecqB3Y8QuIilcQcm_fz8T_DepAZe7d7cA6_kBbwaCWJi1xmlrabauC5JH8dECfpW0QJ3w4sAc6PZCP6TEtwSpNL39R7oDvFL_KDlf0gbsVlf-RgN1ESoL1al8Ksq193d0uJbj_w8lAa_kWO7rBbA_iNSzMpnrk_zDnEc0Jw0_Rihe0gb3NzRqzA&csuir=1&mtid=U9TqaZufOKee5NoPpf-v2Qs&udm=50&chrome_task_id=4ecd9fed-d50f-4519-94eb-fae2b5609970
2026-04-23T22:24:31.534533,tab_focus,chrome://contextual-tasks/?q=how+to+set+a+px+size+to+this+line+of+code%3A+%3Cinput+id%3D%22username%22+type%3D%22text%22+placeholder%3D%22Optional+%28saved+locally%29%22+fdprocessedid%3D%22oemvb%22%3E&sca_esv=e42243e293ad428e&sxsrf=ANbL-n6IqXP_q5DURdeHgeyOlkJ6hmeyZw%3A1776997311860&ei=v9PqabeTNIqsptQP7e-ByAY&biw=1280&bih=665.3333740234375&ved=2ahUKEwi33_fttoWUAxVRFlkFHcBKD0YQ0NsOegQIAxAB&uact=5&sclient=gws-wiz-serp&fbs=ADc_l-aN0CWEZBOHjofHoaMMDiKpaEWjvZ2Py1XXV8d8KvlI3u6MWRtAr31GIrXLfiKhJJ9zMfgfAzmC0EaStM63-fN2fJznjTITF3FGZoxrj5LOiYMzawwK6V4mG9zl0dB2F_LD2zLcsd5_iXXlP9mmFknG9Mx5vSGkuOM1vv9tWSRmgK-EGXaZP-FthWW2gyyAkB-vNq5K4Sx7vd_Vdk9VNq5lJl0vqg&aep=10&ntc=1&sourceid=chrome&cs=0&hl=en-US&mstk=AUtExfAqHroCxwxyF4tiEftGkpBDQ6fBbHYPOW0iS-SshNycU1mobhSj8kzR0BaciiQTquuDDrtR2ItWvu6xHAx3DIbecqB3Y8QuIilcQcm_fz8T_DepAZe7d7cA6_kBbwaCWJi1xmlrabauC5JH8dECfpW0QJ3w4sAc6PZCP6TEtwSpNL39R7oDvFL_KDlf0gbsVlf-RgN1ESoL1al8Ksq193d0uJbj_w8lAa_kWO7rBbA_iNSzMpnrk_zDnEc0Jw0_Rihe0gb3NzRqzA&csuir=1&mtid=U9TqaZufOKee5NoPpf-v2Qs&udm=50&chrome_task_id=4ecd9fed-d50f-4519-94eb-fae2b5609970
2026-04-23T22:24:33.844580,tab_focus,chrome://contextual-tasks/?q=how+to+set+a+px+size+to+this+line+of+code%3A+%3Cinput+id%3D%22username%22+type%3D%22text%22+placeholder%3D%22Optional+%28saved+locally%29%22+fdprocessedid%3D%22oemvb%22%3E&sca_esv=e42243e293ad428e&sxsrf=ANbL-n6IqXP_q5DURdeHgeyOlkJ6hmeyZw%3A1776997311860&ei=v9PqabeTNIqsptQP7e-ByAY&biw=1280&bih=665.3333740234375&ved=2ahUKEwi33_fttoWUAxVRFlkFHcBKD0YQ0NsOegQIAxAB&uact=5&sclient=gws-wiz-serp&fbs=ADc_l-aN0CWEZBOHjofHoaMMDiKpaEWjvZ2Py1XXV8d8KvlI3u6MWRtAr31GIrXLfiKhJJ9zMfgfAzmC0EaStM63-fN2fJznjTITF3FGZoxrj5LOiYMzawwK6V4mG9zl0dB2F_LD2zLcsd5_iXXlP9mmFknG9Mx5vSGkuOM1vv9tWSRmgK-EGXaZP-FthWW2gyyAkB-vNq5K4Sx7vd_Vdk9VNq5lJl0vqg&aep=10&ntc=1&sourceid=chrome&cs=0&hl=en-US&mstk=AUtExfC-wqRJIUWiB_Phi9w2yN57M6LhYmbUIQ7MlmBrHrW0n5WXigc-CgqeohBwYboIWctbupCMjjAh8pKL5Vq-owFTXZ6V6Z0brnVhS8eYmXahbw-b4zeSLo755azMvr4pTfExOf9uWRz4mLimmg44hVN-s_UoB0P_1fHZlQlT7xav-1v24uTFGw8534XMPqERUUafVgMCIIcZOz7224wh7a-YTZXlItPHVNpPnolQW75X4pwceFZbGujDbFyA7coDPmTs9HM7Fv0tpg&csuir=1&mtid=U9TqaZufOKee5NoPpf-v2Qs&udm=50&chrome_task_id=4ecd9fed-d50f-4519-94eb-fae2b5609970
2026-04-23T22:24:33.859659,tab_focus,chrome://contextual-tasks/?q=how+to+set+a+px+size+to+this+line+of+code%3A+%3Cinput+id%3D%22username%22+type%3D%22text%22+placeholder%3D%22Optional+%28saved+locally%29%22+fdprocessedid%3D%22oemvb%22%3E&sca_esv=e42243e293ad428e&sxsrf=ANbL-n6IqXP_q5DURdeHgeyOlkJ6hmeyZw%3A1776997311860&ei=v9PqabeTNIqsptQP7e-ByAY&biw=1280&bih=665.3333740234375&ved=2ahUKEwi33_fttoWUAxVRFlkFHcBKD0YQ0NsOegQIAxAB&uact=5&sclient=gws-wiz-serp&fbs=ADc_l-aN0CWEZBOHjofHoaMMDiKpaEWjvZ2Py1XXV8d8KvlI3u6MWRtAr31GIrXLfiKhJJ9zMfgfAzmC0EaStM63-fN2fJznjTITF3FGZoxrj5LOiYMzawwK6V4mG9zl0dB2F_LD2zLcsd5_iXXlP9mmFknG9Mx5vSGkuOM1vv9tWSRmgK-EGXaZP-FthWW2gyyAkB-vNq5K4Sx7vd_Vdk9VNq5lJl0vqg&aep=10&ntc=1&sourceid=chrome&cs=0&hl=en-US&mstk=AUtExfC-wqRJIUWiB_Phi9w2yN57M6LhYmbUIQ7MlmBrHrW0n5WXigc-CgqeohBwYboIWctbupCMjjAh8pKL5Vq-owFTXZ6V6Z0brnVhS8eYmXahbw-b4zeSLo755azMvr4pTfExOf9uWRz4mLimmg44hVN-s_UoB0P_1fHZlQlT7xav-1v24uTFGw8534XMPqERUUafVgMCIIcZOz7224wh7a-YTZXlItPHVNpPnolQW75X4pwceFZbGujDbFyA7coDPmTs9HM7Fv0tpg&csuir=1&mtid=U9TqaZufOKee5NoPpf-v2Qs&udm=50&chrome_task_id=4ecd9fed-d50f-4519-94eb-fae2b5609970
2026-04-23T22:24:33.864643,tab_focus,chrome://contextual-tasks/?q=how+to+set+a+px+size+to+this+line+of+code%3A+%3Cinput+id%3D%22username%22+type%3D%22text%22+placeholder%3D%22Optional+%28saved+locally%29%22+fdprocessedid%3D%22oemvb%22%3E&sca_esv=e42243e293ad428e&sxsrf=ANbL-n6IqXP_q5DURdeHgeyOlkJ6hmeyZw%3A1776997311860&ei=v9PqabeTNIqsptQP7e-ByAY&biw=1280&bih=665.3333740234375&ved=2ahUKEwi33_fttoWUAxVRFlkFHcBKD0YQ0NsOegQIAxAB&uact=5&sclient=gws-wiz-serp&fbs=ADc_l-aN0CWEZBOHjofHoaMMDiKpaEWjvZ2Py1XXV8d8KvlI3u6MWRtAr31GIrXLfiKhJJ9zMfgfAzmC0EaStM63-fN2fJznjTITF3FGZoxrj5LOiYMzawwK6V4mG9zl0dB2F_LD2zLcsd5_iXXlP9mmFknG9Mx5vSGkuOM1vv9tWSRmgK-EGXaZP-FthWW2gyyAkB-vNq5K4Sx7vd_Vdk9VNq5lJl0vqg&aep=10&ntc=1&sourceid=chrome&cs=0&hl=en-US&mstk=AUtExfC-wqRJIUWiB_Phi9w2yN57M6LhYmbUIQ7MlmBrHrW0n5WXigc-CgqeohBwYboIWctbupCMjjAh8pKL5Vq-owFTXZ6V6Z0brnVhS8eYmXahbw-b4zeSLo755azMvr4pTfExOf9uWRz4mLimmg44hVN-s_UoB0P_1fHZlQlT7xav-1v24uTFGw8534XMPqERUUafVgMCIIcZOz7224wh7a-YTZXlItPHVNpPnolQW75X4pwceFZbGujDbFyA7coDPmTs9HM7Fv0tpg&csuir=1&mtid=U9TqaZufOKee5NoPpf-v2Qs&udm=50&chrome_task_id=4ecd9fed-d50f-4519-94eb-fae2b5609970
2026-04-23T22:24:33.867707,tab_focus,chrome://contextual-tasks/?q=how+to+set+a+px+size+to+this+line+of+code%3A+%3Cinput+id%3D%22username%22+type%3D%22text%22+placeholder%3D%22Optional+%28saved+locally%29%22+fdprocessedid%3D%22oemvb%22%3E&sca_esv=e42243e293ad428e&sxsrf=ANbL-n6IqXP_q5DURdeHgeyOlkJ6hmeyZw%3A1776997311860&ei=v9PqabeTNIqsptQP7e-ByAY&biw=1280&bih=665.3333740234375&ved=2ahUKEwi33_fttoWUAxVRFlkFHcBKD0YQ0NsOegQIAxAB&uact=5&sclient=gws-wiz-serp&fbs=ADc_l-aN0CWEZBOHjofHoaMMDiKpaEWjvZ2Py1XXV8d8KvlI3u6MWRtAr31GIrXLfiKhJJ9zMfgfAzmC0EaStM63-fN2fJznjTITF3FGZoxrj5LOiYMzawwK6V4mG9zl0dB2F_LD2zLcsd5_iXXlP9mmFknG9Mx5vSGkuOM1vv9tWSRmgK-EGXaZP-FthWW2gyyAkB-vNq5K4Sx7vd_Vdk9VNq5lJl0vqg&aep=10&ntc=1&sourceid=chrome&cs=0&hl=en-US&mstk=AUtExfC-wqRJIUWiB_Phi9w2yN57M6LhYmbUIQ7MlmBrHrW0n5WXigc-CgqeohBwYboIWctbupCMjjAh8pKL5Vq-owFTXZ6V6Z0brnVhS8eYmXahbw-b4zeSLo755azMvr4pTfExOf9uWRz4mLimmg44hVN-s_UoB0P_1fHZlQlT7xav-1v24uTFGw8534XMPqERUUafVgMCIIcZOz7224wh7a-YTZXlItPHVNpPnolQW75X4pwceFZbGujDbFyA7coDPmTs9HM7Fv0tpg&csuir=1&mtid=U9TqaZufOKee5NoPpf-v2Qs&udm=50&chrome_task_id=4ecd9fed-d50f-4519-94eb-fae2b5609970
2026-04-23T22:24:33.867707,tab_focus,chrome://contextual-tasks/?q=how+to+set+a+px+size+to+this+line+of+code%3A+%3Cinput+id%3D%22username%22+type%3D%22text%22+placeholder%3D%22Optional+%28saved+locally%29%22+fdprocessedid%3D%22oemvb%22%3E&sca_esv=e42243e293ad428e&sxsrf=ANbL-n6IqXP_q5DURdeHgeyOlkJ6hmeyZw%3A1776997311860&ei=v9PqabeTNIqsptQP7e-ByAY&biw=1280&bih=665.3333740234375&ved=2ahUKEwi33_fttoWUAxVRFlkFHcBKD0YQ0NsOegQIAxAB&uact=5&sclient=gws-wiz-serp&fbs=ADc_l-aN0CWEZBOHjofHoaMMDiKpaEWjvZ2Py1XXV8d8KvlI3u6MWRtAr31GIrXLfiKhJJ9zMfgfAzmC0EaStM63-fN2fJznjTITF3FGZoxrj5LOiYMzawwK6V4mG9zl0dB2F_LD2zLcsd5_iXXlP9mmFknG9Mx5vSGkuOM1vv9tWSRmgK-EGXaZP-FthWW2gyyAkB-vNq5K4Sx7vd_Vdk9VNq5lJl0vqg&aep=10&ntc=1&sourceid=chrome&cs=0&hl=en-US&mstk=AUtExfC-wqRJIUWiB_Phi9w2yN57M6LhYmbUIQ7MlmBrHrW0n5WXigc-CgqeohBwYboIWctbupCMjjAh8pKL5Vq-owFTXZ6V6Z0brnVhS8eYmXahbw-b4zeSLo755azMvr4pTfExOf9uWRz4mLimmg44hVN-s_UoB0P_1fHZlQlT7xav-1v24uTFGw8534XMPqERUUafVgMCIIcZOz7224wh7a-YTZXlItPHVNpPnolQW75X4pwceFZbGujDbFyA7coDPmTs9HM7Fv0tpg&csuir=1&mtid=U9TqaZufOKee5NoPpf-v2Qs&udm=50&chrome_task_id=4ecd9fed-d50f-4519-94eb-fae2b5609970
2026-04-23T22:24:33.882484,tab_focus,chrome://contextual-tasks/?q=how+to+set+a+px+size+to+this+line+of+code%3A+%3Cinput+id%3D%22username%22+type%3D%22text%22+placeholder%3D%22Optional+%28saved+locally%29%22+fdprocessedid%3D%22oemvb%22%3E&sca_esv=e42243e293ad428e&sxsrf=ANbL-n6IqXP_q5DURdeHgeyOlkJ6hmeyZw%3A1776997311860&ei=v9PqabeTNIqsptQP7e-ByAY&biw=1280&bih=665.3333740234375&ved=2ahUKEwi33_fttoWUAxVRFlkFHcBKD0YQ0NsOegQIAxAB&uact=5&sclient=gws-wiz-serp&fbs=ADc_l-aN0CWEZBOHjofHoaMMDiKpaEWjvZ2Py1XXV8d8KvlI3u6MWRtAr31GIrXLfiKhJJ9zMfgfAzmC0EaStM63-fN2fJznjTITF3FGZoxrj5LOiYMzawwK6V4mG9zl0dB2F_LD2zLcsd5_iXXlP9mmFknG9Mx5vSGkuOM1vv9tWSRmgK-EGXaZP-FthWW2gyyAkB-vNq5K4Sx7vd_Vdk9VNq5lJl0vqg&aep=10&ntc=1&sourceid=chrome&cs=0&hl=en-US&mstk=AUtExfC-wqRJIUWiB_Phi9w2yN57M6LhYmbUIQ7MlmBrHrW0n5WXigc-CgqeohBwYboIWctbupCMjjAh8pKL5Vq-owFTXZ6V6Z0brnVhS8eYmXahbw-b4zeSLo755azMvr4pTfExOf9uWRz4mLimmg44hVN-s_UoB0P_1fHZlQlT7xav-1v24uTFGw8534XMPqERUUafVgMCIIcZOz7224wh7a-YTZXlItPHVNpPnolQW75X4pwceFZbGujDbFyA7coDPmTs9HM7Fv0tpg&csuir=1&mtid=U9TqaZufOKee5NoPpf-v2Qs&udm=50&chrome_task_id=4ecd9fed-d50f-4519-94eb-fae2b5609970
2026-04-23T22:24:35.822886,focused,http://127.0.0.1:5000/
2026-04-23T22:26:42.147391,focused,http://127.0.0.1:5000/
2026-04-23T22:27:21.730133,focused,http://127.0.0.1:5000/
2026-04-23T22:30:51.040141,focused,http://127.0.0.1:5000/
2026-04-23T22:31:08.435524,focused,https://chatgpt.com/c/69cda7ef-48b0-832d-9f4f-9b8d1404048e
2026-04-23T22:31:40.996909,focused,https://chatgpt.com/c/69cda7ef-48b0-832d-9f4f-9b8d1404048e
2026-04-23T22:32:27.955914,focused,https://chatgpt.com/c/69cda7ef-48b0-832d-9f4f-9b8d1404048e
2026-04-23T22:32:28.008147,focused,https://chatgpt.com/c/69cda7ef-48b0-832d-9f4f-9b8d1404048e
2026-04-23T22:32:34.795767,tab_switch,chrome://extensions/
2026-04-23T22:32:36.285932,focused,http://127.0.0.1:5000/status
2026-04-23T22:32:37.990354,focused,https://chatgpt.com/c/69cda7ef-48b0-832d-9f4f-9b8d1404048e
2026-04-23T22:41:24.054471,focused,http://127.0.0.1:5000/
2026-04-23T22:41:26.218877,focused,http://127.0.0.1:5000/
2026-04-23T22:45:06.913172,focused,http://127.0.0.1:5000/
